Año,Provincia,Tasa de Desempleo Provincia,Canton,Tasa de Desempleo Canton
2016,AZUAY,2.9,QUITO,9.1
2016,AZUAY,2.9,GUAYAQUIL,6.4
2016,AZUAY,2.9,CUENCA,4.8
2016,AZUAY,2.9,MACHALA,5.3
2016,AZUAY,2.9,AMBATO,7.1
2016,BOLIVAR,2.7,QUITO,9.1
2016,BOLIVAR,2.7,GUAYAQUIL,6.4
2016,BOLIVAR,2.7,CUENCA,4.8
2016,BOLIVAR,2.7,MACHALA,5.3
2016,BOLIVAR,2.7,AMBATO,7.1
2016,CAÑAR,5.1,QUITO,9.1
2016,CAÑAR,5.1,GUAYAQUIL,6.4
2016,CAÑAR,5.1,CUENCA,4.8
2016,CAÑAR,5.1,MACHALA,5.3
2016,CAÑAR,5.1,AMBATO,7.1
2016,CARCHI,5.7,QUITO,9.1
2016,CARCHI,5.7,GUAYAQUIL,6.4
2016,CARCHI,5.7,CUENCA,4.8
2016,CARCHI,5.7,MACHALA,5.3
2016,CARCHI,5.7,AMBATO,7.1
2016,COTOPAXI,2.6,QUITO,9.1
2016,COTOPAXI,2.6,GUAYAQUIL,6.4
2016,COTOPAXI,2.6,CUENCA,4.8
2016,COTOPAXI,2.6,MACHALA,5.3
2016,COTOPAXI,2.6,AMBATO,7.1
2016,CHIMBORAZO,1.3,QUITO,9.1
2016,CHIMBORAZO,1.3,GUAYAQUIL,6.4
2016,CHIMBORAZO,1.3,CUENCA,4.8
2016,CHIMBORAZO,1.3,MACHALA,5.3
2016,CHIMBORAZO,1.3,AMBATO,7.1
2016,EL ORO,4.1,QUITO,9.1
2016,EL ORO,4.1,GUAYAQUIL,6.4
2016,EL ORO,4.1,CUENCA,4.8
2016,EL ORO,4.1,MACHALA,5.3
2016,EL ORO,4.1,AMBATO,7.1
2016,ESMERALDAS,8.9,QUITO,9.1
2016,ESMERALDAS,8.9,GUAYAQUIL,6.4
2016,ESMERALDAS,8.9,CUENCA,4.8
2016,ESMERALDAS,8.9,MACHALA,5.3
2016,ESMERALDAS,8.9,AMBATO,7.1
2016,GUAYAS,6.4,QUITO,9.1
2016,GUAYAS,6.4,GUAYAQUIL,6.4
2016,GUAYAS,6.4,CUENCA,4.8
2016,GUAYAS,6.4,MACHALA,5.3
2016,GUAYAS,6.4,AMBATO,7.1
2016,IMBABURA,5.3,QUITO,9.1
2016,IMBABURA,5.3,GUAYAQUIL,6.4
2016,IMBABURA,5.3,CUENCA,4.8
2016,IMBABURA,5.3,MACHALA,5.3
2016,IMBABURA,5.3,AMBATO,7.1
2016,LOJA,5.4,QUITO,9.1
2016,LOJA,5.4,GUAYAQUIL,6.4
2016,LOJA,5.4,CUENCA,4.8
2016,LOJA,5.4,MACHALA,5.3
2016,LOJA,5.4,AMBATO,7.1
2016,LOS RIOS,4.4,QUITO,9.1
2016,LOS RIOS,4.4,GUAYAQUIL,6.4
2016,LOS RIOS,4.4,CUENCA,4.8
2016,LOS RIOS,4.4,MACHALA,5.3
2016,LOS RIOS,4.4,AMBATO,7.1
2016,MANABI,3.1,QUITO,9.1
2016,MANABI,3.1,GUAYAQUIL,6.4
2016,MANABI,3.1,CUENCA,4.8
2016,MANABI,3.1,MACHALA,5.3
2016,MANABI,3.1,AMBATO,7.1
2016,MORONA SANTIAGO,1.8,QUITO,9.1
2016,MORONA SANTIAGO,1.8,GUAYAQUIL,6.4
2016,MORONA SANTIAGO,1.8,CUENCA,4.8
2016,MORONA SANTIAGO,1.8,MACHALA,5.3
2016,MORONA SANTIAGO,1.8,AMBATO,7.1
2016,NAPO,3.4,QUITO,9.1
2016,NAPO,3.4,GUAYAQUIL,6.4
2016,NAPO,3.4,CUENCA,4.8
2016,NAPO,3.4,MACHALA,5.3
2016,NAPO,3.4,AMBATO,7.1
2016,PASTAZA,3.1,QUITO,9.1
2016,PASTAZA,3.1,GUAYAQUIL,6.4
2016,PASTAZA,3.1,CUENCA,4.8
2016,PASTAZA,3.1,MACHALA,5.3
2016,PASTAZA,3.1,AMBATO,7.1
2016,PICHINCHA,7.6,QUITO,9.1
2016,PICHINCHA,7.6,GUAYAQUIL,6.4
2016,PICHINCHA,7.6,CUENCA,4.8
2016,PICHINCHA,7.6,MACHALA,5.3
2016,PICHINCHA,7.6,AMBATO,7.1
2016,TUNGURAHUA,3.5,QUITO,9.1
2016,TUNGURAHUA,3.5,GUAYAQUIL,6.4
2016,TUNGURAHUA,3.5,CUENCA,4.8
2016,TUNGURAHUA,3.5,MACHALA,5.3
2016,TUNGURAHUA,3.5,AMBATO,7.1
2016,ZAMORA CHINCHIPE,4.5,QUITO,9.1
2016,ZAMORA CHINCHIPE,4.5,GUAYAQUIL,6.4
2016,ZAMORA CHINCHIPE,4.5,CUENCA,4.8
2016,ZAMORA CHINCHIPE,4.5,MACHALA,5.3
2016,ZAMORA CHINCHIPE,4.5,AMBATO,7.1
2016,GALAPAGOS,2.9,QUITO,9.1
2016,GALAPAGOS,2.9,GUAYAQUIL,6.4
2016,GALAPAGOS,2.9,CUENCA,4.8
2016,GALAPAGOS,2.9,MACHALA,5.3
2016,GALAPAGOS,2.9,AMBATO,7.1
2016,SUCUMBIOS,6.6,QUITO,9.1
2016,SUCUMBIOS,6.6,GUAYAQUIL,6.4
2016,SUCUMBIOS,6.6,CUENCA,4.8
2016,SUCUMBIOS,6.6,MACHALA,5.3
2016,SUCUMBIOS,6.6,AMBATO,7.1
2016,ORELLANA,4.7,QUITO,9.1
2016,ORELLANA,4.7,GUAYAQUIL,6.4
2016,ORELLANA,4.7,CUENCA,4.8
2016,ORELLANA,4.7,MACHALA,5.3
2016,ORELLANA,4.7,AMBATO,7.1
2016,SANTO DOMINGO DE LOS TSACHILAS,3.3,QUITO,9.1
2016,SANTO DOMINGO DE LOS TSACHILAS,3.3,GUAYAQUIL,6.4
2016,SANTO DOMINGO DE LOS TSACHILAS,3.3,CUENCA,4.8
2016,SANTO DOMINGO DE LOS TSACHILAS,3.3,MACHALA,5.3
2016,SANTO DOMINGO DE LOS TSACHILAS,3.3,AMBATO,7.1
2016,SANTA ELENA,3.2,QUITO,9.1
2016,SANTA ELENA,3.2,GUAYAQUIL,6.4
2016,SANTA ELENA,3.2,CUENCA,4.8
2016,SANTA ELENA,3.2,MACHALA,5.3
2016,SANTA ELENA,3.2,AMBATO,7.1
2017,AZUAY,4.0,QUITO,9.4
2017,AZUAY,4.0,GUAYAQUIL,4.4
2017,AZUAY,4.0,CUENCA,5.6
2017,AZUAY,4.0,MACHALA,5.6
2017,AZUAY,4.0,AMBATO,6.1
2017,BOLIVAR,2.4,QUITO,9.4
2017,BOLIVAR,2.4,GUAYAQUIL,4.4
2017,BOLIVAR,2.4,CUENCA,5.6
2017,BOLIVAR,2.4,MACHALA,5.6
2017,BOLIVAR,2.4,AMBATO,6.1
2017,CAÑAR,4.3,QUITO,9.4
2017,CAÑAR,4.3,GUAYAQUIL,4.4
2017,CAÑAR,4.3,CUENCA,5.6
2017,CAÑAR,4.3,MACHALA,5.6
2017,CAÑAR,4.3,AMBATO,6.1
2017,CARCHI,5.2,QUITO,9.4
2017,CARCHI,5.2,GUAYAQUIL,4.4
2017,CARCHI,5.2,CUENCA,5.6
2017,CARCHI,5.2,MACHALA,5.6
2017,CARCHI,5.2,AMBATO,6.1
2017,COTOPAXI,2.3,QUITO,9.4
2017,COTOPAXI,2.3,GUAYAQUIL,4.4
2017,COTOPAXI,2.3,CUENCA,5.6
2017,COTOPAXI,2.3,MACHALA,5.6
2017,COTOPAXI,2.3,AMBATO,6.1
2017,CHIMBORAZO,0.9,QUITO,9.4
2017,CHIMBORAZO,0.9,GUAYAQUIL,4.4
2017,CHIMBORAZO,0.9,CUENCA,5.6
2017,CHIMBORAZO,0.9,MACHALA,5.6
2017,CHIMBORAZO,0.9,AMBATO,6.1
2017,EL ORO,4.2,QUITO,9.4
2017,EL ORO,4.2,GUAYAQUIL,4.4
2017,EL ORO,4.2,CUENCA,5.6
2017,EL ORO,4.2,MACHALA,5.6
2017,EL ORO,4.2,AMBATO,6.1
2017,ESMERALDAS,7.8,QUITO,9.4
2017,ESMERALDAS,7.8,GUAYAQUIL,4.4
2017,ESMERALDAS,7.8,CUENCA,5.6
2017,ESMERALDAS,7.8,MACHALA,5.6
2017,ESMERALDAS,7.8,AMBATO,6.1
2017,GUAYAS,5.0,QUITO,9.4
2017,GUAYAS,5.0,GUAYAQUIL,4.4
2017,GUAYAS,5.0,CUENCA,5.6
2017,GUAYAS,5.0,MACHALA,5.6
2017,GUAYAS,5.0,AMBATO,6.1
2017,IMBABURA,5.4,QUITO,9.4
2017,IMBABURA,5.4,GUAYAQUIL,4.4
2017,IMBABURA,5.4,CUENCA,5.6
2017,IMBABURA,5.4,MACHALA,5.6
2017,IMBABURA,5.4,AMBATO,6.1
2017,LOJA,2.8,QUITO,9.4
2017,LOJA,2.8,GUAYAQUIL,4.4
2017,LOJA,2.8,CUENCA,5.6
2017,LOJA,2.8,MACHALA,5.6
2017,LOJA,2.8,AMBATO,6.1
2017,LOS RIOS,3.6,QUITO,9.4
2017,LOS RIOS,3.6,GUAYAQUIL,4.4
2017,LOS RIOS,3.6,CUENCA,5.6
2017,LOS RIOS,3.6,MACHALA,5.6
2017,LOS RIOS,3.6,AMBATO,6.1
2017,MANABI,2.7,QUITO,9.4
2017,MANABI,2.7,GUAYAQUIL,4.4
2017,MANABI,2.7,CUENCA,5.6
2017,MANABI,2.7,MACHALA,5.6
2017,MANABI,2.7,AMBATO,6.1
2017,MORONA SANTIAGO,1.4,QUITO,9.4
2017,MORONA SANTIAGO,1.4,GUAYAQUIL,4.4
2017,MORONA SANTIAGO,1.4,CUENCA,5.6
2017,MORONA SANTIAGO,1.4,MACHALA,5.6
2017,MORONA SANTIAGO,1.4,AMBATO,6.1
2017,NAPO,2.4,QUITO,9.4
2017,NAPO,2.4,GUAYAQUIL,4.4
2017,NAPO,2.4,CUENCA,5.6
2017,NAPO,2.4,MACHALA,5.6
2017,NAPO,2.4,AMBATO,6.1
2017,PASTAZA,2.7,QUITO,9.4
2017,PASTAZA,2.7,GUAYAQUIL,4.4
2017,PASTAZA,2.7,CUENCA,5.6
2017,PASTAZA,2.7,MACHALA,5.6
2017,PASTAZA,2.7,AMBATO,6.1
2017,PICHINCHA,7.8,QUITO,9.4
2017,PICHINCHA,7.8,GUAYAQUIL,4.4
2017,PICHINCHA,7.8,CUENCA,5.6
2017,PICHINCHA,7.8,MACHALA,5.6
2017,PICHINCHA,7.8,AMBATO,6.1
2017,TUNGURAHUA,3.4,QUITO,9.4
2017,TUNGURAHUA,3.4,GUAYAQUIL,4.4
2017,TUNGURAHUA,3.4,CUENCA,5.6
2017,TUNGURAHUA,3.4,MACHALA,5.6
2017,TUNGURAHUA,3.4,AMBATO,6.1
2017,ZAMORA CHINCHIPE,2.5,QUITO,9.4
2017,ZAMORA CHINCHIPE,2.5,GUAYAQUIL,4.4
2017,ZAMORA CHINCHIPE,2.5,CUENCA,5.6
2017,ZAMORA CHINCHIPE,2.5,MACHALA,5.6
2017,ZAMORA CHINCHIPE,2.5,AMBATO,6.1
2017,GALAPAGOS,0.8,QUITO,9.4
2017,GALAPAGOS,0.8,GUAYAQUIL,4.4
2017,GALAPAGOS,0.8,CUENCA,5.6
2017,GALAPAGOS,0.8,MACHALA,5.6
2017,GALAPAGOS,0.8,AMBATO,6.1
2017,SUCUMBIOS,7.7,QUITO,9.4
2017,SUCUMBIOS,7.7,GUAYAQUIL,4.4
2017,SUCUMBIOS,7.7,CUENCA,5.6
2017,SUCUMBIOS,7.7,MACHALA,5.6
2017,SUCUMBIOS,7.7,AMBATO,6.1
2017,ORELLANA,3.5,QUITO,9.4
2017,ORELLANA,3.5,GUAYAQUIL,4.4
2017,ORELLANA,3.5,CUENCA,5.6
2017,ORELLANA,3.5,MACHALA,5.6
2017,ORELLANA,3.5,AMBATO,6.1
2017,SANTO DOMINGO DE LOS TSACHILAS,3.1,QUITO,9.4
2017,SANTO DOMINGO DE LOS TSACHILAS,3.1,GUAYAQUIL,4.4
2017,SANTO DOMINGO DE LOS TSACHILAS,3.1,CUENCA,5.6
2017,SANTO DOMINGO DE LOS TSACHILAS,3.1,MACHALA,5.6
2017,SANTO DOMINGO DE LOS TSACHILAS,3.1,AMBATO,6.1
2017,SANTA ELENA,4.3,QUITO,9.4
2017,SANTA ELENA,4.3,GUAYAQUIL,4.4
2017,SANTA ELENA,4.3,CUENCA,5.6
2017,SANTA ELENA,4.3,MACHALA,5.6
2017,SANTA ELENA,4.3,AMBATO,6.1
2018,AZUAY,2.6,QUITO,8.2
2018,AZUAY,2.6,GUAYAQUIL,3.1
2018,AZUAY,2.6,CUENCA,4.7
2018,AZUAY,2.6,MACHALA,5.4
2018,AZUAY,2.6,AMBATO,3.4
2018,BOLIVAR,1.6,QUITO,8.2
2018,BOLIVAR,1.6,GUAYAQUIL,3.1
2018,BOLIVAR,1.6,CUENCA,4.7
2018,BOLIVAR,1.6,MACHALA,5.4
2018,BOLIVAR,1.6,AMBATO,3.4
2018,CAÑAR,4.2,QUITO,8.2
2018,CAÑAR,4.2,GUAYAQUIL,3.1
2018,CAÑAR,4.2,CUENCA,4.7
2018,CAÑAR,4.2,MACHALA,5.4
2018,CAÑAR,4.2,AMBATO,3.4
2018,CARCHI,5.7,QUITO,8.2
2018,CARCHI,5.7,GUAYAQUIL,3.1
2018,CARCHI,5.7,CUENCA,4.7
2018,CARCHI,5.7,MACHALA,5.4
2018,CARCHI,5.7,AMBATO,3.4
2018,COTOPAXI,1.0,QUITO,8.2
2018,COTOPAXI,1.0,GUAYAQUIL,3.1
2018,COTOPAXI,1.0,CUENCA,4.7
2018,COTOPAXI,1.0,MACHALA,5.4
2018,COTOPAXI,1.0,AMBATO,3.4
2018,CHIMBORAZO,2.0,QUITO,8.2
2018,CHIMBORAZO,2.0,GUAYAQUIL,3.1
2018,CHIMBORAZO,2.0,CUENCA,4.7
2018,CHIMBORAZO,2.0,MACHALA,5.4
2018,CHIMBORAZO,2.0,AMBATO,3.4
2018,EL ORO,4.5,QUITO,8.2
2018,EL ORO,4.5,GUAYAQUIL,3.1
2018,EL ORO,4.5,CUENCA,4.7
2018,EL ORO,4.5,MACHALA,5.4
2018,EL ORO,4.5,AMBATO,3.4
2018,ESMERALDAS,5.1,QUITO,8.2
2018,ESMERALDAS,5.1,GUAYAQUIL,3.1
2018,ESMERALDAS,5.1,CUENCA,4.7
2018,ESMERALDAS,5.1,MACHALA,5.4
2018,ESMERALDAS,5.1,AMBATO,3.4
2018,GUAYAS,2.8,QUITO,8.2
2018,GUAYAS,2.8,GUAYAQUIL,3.1
2018,GUAYAS,2.8,CUENCA,4.7
2018,GUAYAS,2.8,MACHALA,5.4
2018,GUAYAS,2.8,AMBATO,3.4
2018,IMBABURA,2.7,QUITO,8.2
2018,IMBABURA,2.7,GUAYAQUIL,3.1
2018,IMBABURA,2.7,CUENCA,4.7
2018,IMBABURA,2.7,MACHALA,5.4
2018,IMBABURA,2.7,AMBATO,3.4
2018,LOJA,3.0,QUITO,8.2
2018,LOJA,3.0,GUAYAQUIL,3.1
2018,LOJA,3.0,CUENCA,4.7
2018,LOJA,3.0,MACHALA,5.4
2018,LOJA,3.0,AMBATO,3.4
2018,LOS RIOS,3.2,QUITO,8.2
2018,LOS RIOS,3.2,GUAYAQUIL,3.1
2018,LOS RIOS,3.2,CUENCA,4.7
2018,LOS RIOS,3.2,MACHALA,5.4
2018,LOS RIOS,3.2,AMBATO,3.4
2018,MANABI,2.2,QUITO,8.2
2018,MANABI,2.2,GUAYAQUIL,3.1
2018,MANABI,2.2,CUENCA,4.7
2018,MANABI,2.2,MACHALA,5.4
2018,MANABI,2.2,AMBATO,3.4
2018,MORONA SANTIAGO,0.7,QUITO,8.2
2018,MORONA SANTIAGO,0.7,GUAYAQUIL,3.1
2018,MORONA SANTIAGO,0.7,CUENCA,4.7
2018,MORONA SANTIAGO,0.7,MACHALA,5.4
2018,MORONA SANTIAGO,0.7,AMBATO,3.4
2018,NAPO,3.2,QUITO,8.2
2018,NAPO,3.2,GUAYAQUIL,3.1
2018,NAPO,3.2,CUENCA,4.7
2018,NAPO,3.2,MACHALA,5.4
2018,NAPO,3.2,AMBATO,3.4
2018,PASTAZA,2.4,QUITO,8.2
2018,PASTAZA,2.4,GUAYAQUIL,3.1
2018,PASTAZA,2.4,CUENCA,4.7
2018,PASTAZA,2.4,MACHALA,5.4
2018,PASTAZA,2.4,AMBATO,3.4
2018,PICHINCHA,7.2,QUITO,8.2
2018,PICHINCHA,7.2,GUAYAQUIL,3.1
2018,PICHINCHA,7.2,CUENCA,4.7
2018,PICHINCHA,7.2,MACHALA,5.4
2018,PICHINCHA,7.2,AMBATO,3.4
2018,TUNGURAHUA,2.0,QUITO,8.2
2018,TUNGURAHUA,2.0,GUAYAQUIL,3.1
2018,TUNGURAHUA,2.0,CUENCA,4.7
2018,TUNGURAHUA,2.0,MACHALA,5.4
2018,TUNGURAHUA,2.0,AMBATO,3.4
2018,ZAMORA CHINCHIPE,5.9,QUITO,8.2
2018,ZAMORA CHINCHIPE,5.9,GUAYAQUIL,3.1
2018,ZAMORA CHINCHIPE,5.9,CUENCA,4.7
2018,ZAMORA CHINCHIPE,5.9,MACHALA,5.4
2018,ZAMORA CHINCHIPE,5.9,AMBATO,3.4
2018,GALAPAGOS,,QUITO,8.2
2018,GALAPAGOS,,GUAYAQUIL,3.1
2018,GALAPAGOS,,CUENCA,4.7
2018,GALAPAGOS,,MACHALA,5.4
2018,GALAPAGOS,,AMBATO,3.4
2018,SUCUMBIOS,8.6,QUITO,8.2
2018,SUCUMBIOS,8.6,GUAYAQUIL,3.1
2018,SUCUMBIOS,8.6,CUENCA,4.7
2018,SUCUMBIOS,8.6,MACHALA,5.4
2018,SUCUMBIOS,8.6,AMBATO,3.4
2018,ORELLANA,3.8,QUITO,8.2
2018,ORELLANA,3.8,GUAYAQUIL,3.1
2018,ORELLANA,3.8,CUENCA,4.7
2018,ORELLANA,3.8,MACHALA,5.4
2018,ORELLANA,3.8,AMBATO,3.4
2018,SANTO DOMINGO DE LOS TSACHILAS,3.3,QUITO,8.2
2018,SANTO DOMINGO DE LOS TSACHILAS,3.3,GUAYAQUIL,3.1
2018,SANTO DOMINGO DE LOS TSACHILAS,3.3,CUENCA,4.7
2018,SANTO DOMINGO DE LOS TSACHILAS,3.3,MACHALA,5.4
2018,SANTO DOMINGO DE LOS TSACHILAS,3.3,AMBATO,3.4
2018,SANTA ELENA,2.8,QUITO,8.2
2018,SANTA ELENA,2.8,GUAYAQUIL,3.1
2018,SANTA ELENA,2.8,CUENCA,4.7
2018,SANTA ELENA,2.8,MACHALA,5.4
2018,SANTA ELENA,2.8,AMBATO,3.4
2019,AZUAY,3.4,QUITO,9.1
2019,AZUAY,3.4,GUAYAQUIL,3.1
2019,AZUAY,3.4,CUENCA,5.2
2019,AZUAY,3.4,MACHALA,6.0
2019,AZUAY,3.4,AMBATO,4.8
2019,BOLIVAR,1.4,QUITO,9.1
2019,BOLIVAR,1.4,GUAYAQUIL,3.1
2019,BOLIVAR,1.4,CUENCA,5.2
2019,BOLIVAR,1.4,MACHALA,6.0
2019,BOLIVAR,1.4,AMBATO,4.8
2019,CAÑAR,3.9,QUITO,9.1
2019,CAÑAR,3.9,GUAYAQUIL,3.1
2019,CAÑAR,3.9,CUENCA,5.2
2019,CAÑAR,3.9,MACHALA,6.0
2019,CAÑAR,3.9,AMBATO,4.8
2019,CARCHI,4.9,QUITO,9.1
2019,CARCHI,4.9,GUAYAQUIL,3.1
2019,CARCHI,4.9,CUENCA,5.2
2019,CARCHI,4.9,MACHALA,6.0
2019,CARCHI,4.9,AMBATO,4.8
2019,COTOPAXI,1.7,QUITO,9.1
2019,COTOPAXI,1.7,GUAYAQUIL,3.1
2019,COTOPAXI,1.7,CUENCA,5.2
2019,COTOPAXI,1.7,MACHALA,6.0
2019,COTOPAXI,1.7,AMBATO,4.8
2019,CHIMBORAZO,1.3,QUITO,9.1
2019,CHIMBORAZO,1.3,GUAYAQUIL,3.1
2019,CHIMBORAZO,1.3,CUENCA,5.2
2019,CHIMBORAZO,1.3,MACHALA,6.0
2019,CHIMBORAZO,1.3,AMBATO,4.8
2019,EL ORO,4.9,QUITO,9.1
2019,EL ORO,4.9,GUAYAQUIL,3.1
2019,EL ORO,4.9,CUENCA,5.2
2019,EL ORO,4.9,MACHALA,6.0
2019,EL ORO,4.9,AMBATO,4.8
2019,ESMERALDAS,10.4,QUITO,9.1
2019,ESMERALDAS,10.4,GUAYAQUIL,3.1
2019,ESMERALDAS,10.4,CUENCA,5.2
2019,ESMERALDAS,10.4,MACHALA,6.0
2019,ESMERALDAS,10.4,AMBATO,4.8
2019,GUAYAS,3.1,QUITO,9.1
2019,GUAYAS,3.1,GUAYAQUIL,3.1
2019,GUAYAS,3.1,CUENCA,5.2
2019,GUAYAS,3.1,MACHALA,6.0
2019,GUAYAS,3.1,AMBATO,4.8
2019,IMBABURA,6.8,QUITO,9.1
2019,IMBABURA,6.8,GUAYAQUIL,3.1
2019,IMBABURA,6.8,CUENCA,5.2
2019,IMBABURA,6.8,MACHALA,6.0
2019,IMBABURA,6.8,AMBATO,4.8
2019,LOJA,3.6,QUITO,9.1
2019,LOJA,3.6,GUAYAQUIL,3.1
2019,LOJA,3.6,CUENCA,5.2
2019,LOJA,3.6,MACHALA,6.0
2019,LOJA,3.6,AMBATO,4.8
2019,LOS RIOS,2.8,QUITO,9.1
2019,LOS RIOS,2.8,GUAYAQUIL,3.1
2019,LOS RIOS,2.8,CUENCA,5.2
2019,LOS RIOS,2.8,MACHALA,6.0
2019,LOS RIOS,2.8,AMBATO,4.8
2019,MANABI,2.3,QUITO,9.1
2019,MANABI,2.3,GUAYAQUIL,3.1
2019,MANABI,2.3,CUENCA,5.2
2019,MANABI,2.3,MACHALA,6.0
2019,MANABI,2.3,AMBATO,4.8
2019,MORONA SANTIAGO,1.3,QUITO,9.1
2019,MORONA SANTIAGO,1.3,GUAYAQUIL,3.1
2019,MORONA SANTIAGO,1.3,CUENCA,5.2
2019,MORONA SANTIAGO,1.3,MACHALA,6.0
2019,MORONA SANTIAGO,1.3,AMBATO,4.8
2019,NAPO,2.2,QUITO,9.1
2019,NAPO,2.2,GUAYAQUIL,3.1
2019,NAPO,2.2,CUENCA,5.2
2019,NAPO,2.2,MACHALA,6.0
2019,NAPO,2.2,AMBATO,4.8
2019,PASTAZA,1.9,QUITO,9.1
2019,PASTAZA,1.9,GUAYAQUIL,3.1
2019,PASTAZA,1.9,CUENCA,5.2
2019,PASTAZA,1.9,MACHALA,6.0
2019,PASTAZA,1.9,AMBATO,4.8
2019,PICHINCHA,8.0,QUITO,9.1
2019,PICHINCHA,8.0,GUAYAQUIL,3.1
2019,PICHINCHA,8.0,CUENCA,5.2
2019,PICHINCHA,8.0,MACHALA,6.0
2019,PICHINCHA,8.0,AMBATO,4.8
2019,TUNGURAHUA,2.2,QUITO,9.1
2019,TUNGURAHUA,2.2,GUAYAQUIL,3.1
2019,TUNGURAHUA,2.2,CUENCA,5.2
2019,TUNGURAHUA,2.2,MACHALA,6.0
2019,TUNGURAHUA,2.2,AMBATO,4.8
2019,ZAMORA CHINCHIPE,3.1,QUITO,9.1
2019,ZAMORA CHINCHIPE,3.1,GUAYAQUIL,3.1
2019,ZAMORA CHINCHIPE,3.1,CUENCA,5.2
2019,ZAMORA CHINCHIPE,3.1,MACHALA,6.0
2019,ZAMORA CHINCHIPE,3.1,AMBATO,4.8
2019,GALAPAGOS,2.1,QUITO,9.1
2019,GALAPAGOS,2.1,GUAYAQUIL,3.1
2019,GALAPAGOS,2.1,CUENCA,5.2
2019,GALAPAGOS,2.1,MACHALA,6.0
2019,GALAPAGOS,2.1,AMBATO,4.8
2019,SUCUMBIOS,4.7,QUITO,9.1
2019,SUCUMBIOS,4.7,GUAYAQUIL,3.1
2019,SUCUMBIOS,4.7,CUENCA,5.2
2019,SUCUMBIOS,4.7,MACHALA,6.0
2019,SUCUMBIOS,4.7,AMBATO,4.8
2019,ORELLANA,1.8,QUITO,9.1
2019,ORELLANA,1.8,GUAYAQUIL,3.1
2019,ORELLANA,1.8,CUENCA,5.2
2019,ORELLANA,1.8,MACHALA,6.0
2019,ORELLANA,1.8,AMBATO,4.8
2019,SANTO DOMINGO DE LOS TSACHILAS,2.8,QUITO,9.1
2019,SANTO DOMINGO DE LOS TSACHILAS,2.8,GUAYAQUIL,3.1
2019,SANTO DOMINGO DE LOS TSACHILAS,2.8,CUENCA,5.2
2019,SANTO DOMINGO DE LOS TSACHILAS,2.8,MACHALA,6.0
2019,SANTO DOMINGO DE LOS TSACHILAS,2.8,AMBATO,4.8
2019,SANTA ELENA,2.8,QUITO,9.1
2019,SANTA ELENA,2.8,GUAYAQUIL,3.1
2019,SANTA ELENA,2.8,CUENCA,5.2
2019,SANTA ELENA,2.8,MACHALA,6.0
2019,SANTA ELENA,2.8,AMBATO,4.8
2021,AZUAY,5.1,QUITO,11.8
2021,AZUAY,5.1,GUAYAQUIL,4.4
2021,AZUAY,5.1,CUENCA,7.3
2021,AZUAY,5.1,MACHALA,8.7
2021,AZUAY,5.1,AMBATO,6.1
2021,BOLIVAR,1.1,QUITO,11.8
2021,BOLIVAR,1.1,GUAYAQUIL,4.4
2021,BOLIVAR,1.1,CUENCA,7.3
2021,BOLIVAR,1.1,MACHALA,8.7
2021,BOLIVAR,1.1,AMBATO,6.1
2021,CAÑAR,4.0,QUITO,11.8
2021,CAÑAR,4.0,GUAYAQUIL,4.4
2021,CAÑAR,4.0,CUENCA,7.3
2021,CAÑAR,4.0,MACHALA,8.7
2021,CAÑAR,4.0,AMBATO,6.1
2021,CARCHI,6.3,QUITO,11.8
2021,CARCHI,6.3,GUAYAQUIL,4.4
2021,CARCHI,6.3,CUENCA,7.3
2021,CARCHI,6.3,MACHALA,8.7
2021,CARCHI,6.3,AMBATO,6.1
2021,COTOPAXI,2.8,QUITO,11.8
2021,COTOPAXI,2.8,GUAYAQUIL,4.4
2021,COTOPAXI,2.8,CUENCA,7.3
2021,COTOPAXI,2.8,MACHALA,8.7
2021,COTOPAXI,2.8,AMBATO,6.1
2021,CHIMBORAZO,2.3,QUITO,11.8
2021,CHIMBORAZO,2.3,GUAYAQUIL,4.4
2021,CHIMBORAZO,2.3,CUENCA,7.3
2021,CHIMBORAZO,2.3,MACHALA,8.7
2021,CHIMBORAZO,2.3,AMBATO,6.1
2021,EL ORO,6.9,QUITO,11.8
2021,EL ORO,6.9,GUAYAQUIL,4.4
2021,EL ORO,6.9,CUENCA,7.3
2021,EL ORO,6.9,MACHALA,8.7
2021,EL ORO,6.9,AMBATO,6.1
2021,ESMERALDAS,10.0,QUITO,11.8
2021,ESMERALDAS,10.0,GUAYAQUIL,4.4
2021,ESMERALDAS,10.0,CUENCA,7.3
2021,ESMERALDAS,10.0,MACHALA,8.7
2021,ESMERALDAS,10.0,AMBATO,6.1
2021,GUAYAS,3.9,QUITO,11.8
2021,GUAYAS,3.9,GUAYAQUIL,4.4
2021,GUAYAS,3.9,CUENCA,7.3
2021,GUAYAS,3.9,MACHALA,8.7
2021,GUAYAS,3.9,AMBATO,6.1
2021,IMBABURA,6.0,QUITO,11.8
2021,IMBABURA,6.0,GUAYAQUIL,4.4
2021,IMBABURA,6.0,CUENCA,7.3
2021,IMBABURA,6.0,MACHALA,8.7
2021,IMBABURA,6.0,AMBATO,6.1
2021,LOJA,4.1,QUITO,11.8
2021,LOJA,4.1,GUAYAQUIL,4.4
2021,LOJA,4.1,CUENCA,7.3
2021,LOJA,4.1,MACHALA,8.7
2021,LOJA,4.1,AMBATO,6.1
2021,LOS RIOS,2.8,QUITO,11.8
2021,LOS RIOS,2.8,GUAYAQUIL,4.4
2021,LOS RIOS,2.8,CUENCA,7.3
2021,LOS RIOS,2.8,MACHALA,8.7
2021,LOS RIOS,2.8,AMBATO,6.1
2021,MANABI,2.6,QUITO,11.8
2021,MANABI,2.6,GUAYAQUIL,4.4
2021,MANABI,2.6,CUENCA,7.3
2021,MANABI,2.6,MACHALA,8.7
2021,MANABI,2.6,AMBATO,6.1
2021,MORONA SANTIAGO,1.4,QUITO,11.8
2021,MORONA SANTIAGO,1.4,GUAYAQUIL,4.4
2021,MORONA SANTIAGO,1.4,CUENCA,7.3
2021,MORONA SANTIAGO,1.4,MACHALA,8.7
2021,MORONA SANTIAGO,1.4,AMBATO,6.1
2021,NAPO,2.3,QUITO,11.8
2021,NAPO,2.3,GUAYAQUIL,4.4
2021,NAPO,2.3,CUENCA,7.3
2021,NAPO,2.3,MACHALA,8.7
2021,NAPO,2.3,AMBATO,6.1
2021,PASTAZA,2.0,QUITO,11.8
2021,PASTAZA,2.0,GUAYAQUIL,4.4
2021,PASTAZA,2.0,CUENCA,7.3
2021,PASTAZA,2.0,MACHALA,8.7
2021,PASTAZA,2.0,AMBATO,6.1
2021,PICHINCHA,10.8,QUITO,11.8
2021,PICHINCHA,10.8,GUAYAQUIL,4.4
2021,PICHINCHA,10.8,CUENCA,7.3
2021,PICHINCHA,10.8,MACHALA,8.7
2021,PICHINCHA,10.8,AMBATO,6.1
2021,TUNGURAHUA,3.1,QUITO,11.8
2021,TUNGURAHUA,3.1,GUAYAQUIL,4.4
2021,TUNGURAHUA,3.1,CUENCA,7.3
2021,TUNGURAHUA,3.1,MACHALA,8.7
2021,TUNGURAHUA,3.1,AMBATO,6.1
2021,ZAMORA CHINCHIPE,3.0,QUITO,11.8
2021,ZAMORA CHINCHIPE,3.0,GUAYAQUIL,4.4
2021,ZAMORA CHINCHIPE,3.0,CUENCA,7.3
2021,ZAMORA CHINCHIPE,3.0,MACHALA,8.7
2021,ZAMORA CHINCHIPE,3.0,AMBATO,6.1
2021,GALAPAGOS,9.3,QUITO,11.8
2021,GALAPAGOS,9.3,GUAYAQUIL,4.4
2021,GALAPAGOS,9.3,CUENCA,7.3
2021,GALAPAGOS,9.3,MACHALA,8.7
2021,GALAPAGOS,9.3,AMBATO,6.1
2021,SUCUMBIOS,5.4,QUITO,11.8
2021,SUCUMBIOS,5.4,GUAYAQUIL,4.4
2021,SUCUMBIOS,5.4,CUENCA,7.3
2021,SUCUMBIOS,5.4,MACHALA,8.7
2021,SUCUMBIOS,5.4,AMBATO,6.1
2021,ORELLANA,2.6,QUITO,11.8
2021,ORELLANA,2.6,GUAYAQUIL,4.4
2021,ORELLANA,2.6,CUENCA,7.3
2021,ORELLANA,2.6,MACHALA,8.7
2021,ORELLANA,2.6,AMBATO,6.1
2021,SANTO DOMINGO DE LOS TSACHILAS,3.7,QUITO,11.8
2021,SANTO DOMINGO DE LOS TSACHILAS,3.7,GUAYAQUIL,4.4
2021,SANTO DOMINGO DE LOS TSACHILAS,3.7,CUENCA,7.3
2021,SANTO DOMINGO DE LOS TSACHILAS,3.7,MACHALA,8.7
2021,SANTO DOMINGO DE LOS TSACHILAS,3.7,AMBATO,6.1
2021,SANTA ELENA,3.6,QUITO,11.8
2021,SANTA ELENA,3.6,GUAYAQUIL,4.4
2021,SANTA ELENA,3.6,CUENCA,7.3
2021,SANTA ELENA,3.6,MACHALA,8.7
2021,SANTA ELENA,3.6,AMBATO,6.1
2022,AZUAY,3.3,QUITO,9.0
2022,AZUAY,3.3,GUAYAQUIL,3.8
2022,AZUAY,3.3,CUENCA,5.2
2022,AZUAY,3.3,MACHALA,7.7
2022,AZUAY,3.3,AMBATO,4.8
2022,BOLIVAR,0.9,QUITO,9.0
2022,BOLIVAR,0.9,GUAYAQUIL,3.8
2022,BOLIVAR,0.9,CUENCA,5.2
2022,BOLIVAR,0.9,MACHALA,7.7
2022,BOLIVAR,0.9,AMBATO,4.8
2022,CAÑAR,3.7,QUITO,9.0
2022,CAÑAR,3.7,GUAYAQUIL,3.8
2022,CAÑAR,3.7,CUENCA,5.2
2022,CAÑAR,3.7,MACHALA,7.7
2022,CAÑAR,3.7,AMBATO,4.8
2022,CARCHI,5.9,QUITO,9.0
2022,CARCHI,5.9,GUAYAQUIL,3.8
2022,CARCHI,5.9,CUENCA,5.2
2022,CARCHI,5.9,MACHALA,7.7
2022,CARCHI,5.9,AMBATO,4.8
2022,COTOPAXI,1.7,QUITO,9.0
2022,COTOPAXI,1.7,GUAYAQUIL,3.8
2022,COTOPAXI,1.7,CUENCA,5.2
2022,COTOPAXI,1.7,MACHALA,7.7
2022,COTOPAXI,1.7,AMBATO,4.8
2022,CHIMBORAZO,2.0,QUITO,9.0
2022,CHIMBORAZO,2.0,GUAYAQUIL,3.8
2022,CHIMBORAZO,2.0,CUENCA,5.2
2022,CHIMBORAZO,2.0,MACHALA,7.7
2022,CHIMBORAZO,2.0,AMBATO,4.8
2022,EL ORO,6.0,QUITO,9.0
2022,EL ORO,6.0,GUAYAQUIL,3.8
2022,EL ORO,6.0,CUENCA,5.2
2022,EL ORO,6.0,MACHALA,7.7
2022,EL ORO,6.0,AMBATO,4.8
2022,ESMERALDAS,9.1,QUITO,9.0
2022,ESMERALDAS,9.1,GUAYAQUIL,3.8
2022,ESMERALDAS,9.1,CUENCA,5.2
2022,ESMERALDAS,9.1,MACHALA,7.7
2022,ESMERALDAS,9.1,AMBATO,4.8
2022,GUAYAS,3.6,QUITO,9.0
2022,GUAYAS,3.6,GUAYAQUIL,3.8
2022,GUAYAS,3.6,CUENCA,5.2
2022,GUAYAS,3.6,MACHALA,7.7
2022,GUAYAS,3.6,AMBATO,4.8
2022,IMBABURA,7.1,QUITO,9.0
2022,IMBABURA,7.1,GUAYAQUIL,3.8
2022,IMBABURA,7.1,CUENCA,5.2
2022,IMBABURA,7.1,MACHALA,7.7
2022,IMBABURA,7.1,AMBATO,4.8
2022,LOJA,3.1,QUITO,9.0
2022,LOJA,3.1,GUAYAQUIL,3.8
2022,LOJA,3.1,CUENCA,5.2
2022,LOJA,3.1,MACHALA,7.7
2022,LOJA,3.1,AMBATO,4.8
2022,LOS RIOS,1.8,QUITO,9.0
2022,LOS RIOS,1.8,GUAYAQUIL,3.8
2022,LOS RIOS,1.8,CUENCA,5.2
2022,LOS RIOS,1.8,MACHALA,7.7
2022,LOS RIOS,1.8,AMBATO,4.8
2022,MANABI,2.8,QUITO,9.0
2022,MANABI,2.8,GUAYAQUIL,3.8
2022,MANABI,2.8,CUENCA,5.2
2022,MANABI,2.8,MACHALA,7.7
2022,MANABI,2.8,AMBATO,4.8
2022,MORONA SANTIAGO,1.3,QUITO,9.0
2022,MORONA SANTIAGO,1.3,GUAYAQUIL,3.8
2022,MORONA SANTIAGO,1.3,CUENCA,5.2
2022,MORONA SANTIAGO,1.3,MACHALA,7.7
2022,MORONA SANTIAGO,1.3,AMBATO,4.8
2022,NAPO,1.5,QUITO,9.0
2022,NAPO,1.5,GUAYAQUIL,3.8
2022,NAPO,1.5,CUENCA,5.2
2022,NAPO,1.5,MACHALA,7.7
2022,NAPO,1.5,AMBATO,4.8
2022,PASTAZA,1.6,QUITO,9.0
2022,PASTAZA,1.6,GUAYAQUIL,3.8
2022,PASTAZA,1.6,CUENCA,5.2
2022,PASTAZA,1.6,MACHALA,7.7
2022,PASTAZA,1.6,AMBATO,4.8
2022,PICHINCHA,8.5,QUITO,9.0
2022,PICHINCHA,8.5,GUAYAQUIL,3.8
2022,PICHINCHA,8.5,CUENCA,5.2
2022,PICHINCHA,8.5,MACHALA,7.7
2022,PICHINCHA,8.5,AMBATO,4.8
2022,TUNGURAHUA,2.2,QUITO,9.0
2022,TUNGURAHUA,2.2,GUAYAQUIL,3.8
2022,TUNGURAHUA,2.2,CUENCA,5.2
2022,TUNGURAHUA,2.2,MACHALA,7.7
2022,TUNGURAHUA,2.2,AMBATO,4.8
2022,ZAMORA CHINCHIPE,3.0,QUITO,9.0
2022,ZAMORA CHINCHIPE,3.0,GUAYAQUIL,3.8
2022,ZAMORA CHINCHIPE,3.0,CUENCA,5.2
2022,ZAMORA CHINCHIPE,3.0,MACHALA,7.7
2022,ZAMORA CHINCHIPE,3.0,AMBATO,4.8
2022,GALAPAGOS,5.6,QUITO,9.0
2022,GALAPAGOS,5.6,GUAYAQUIL,3.8
2022,GALAPAGOS,5.6,CUENCA,5.2
2022,GALAPAGOS,5.6,MACHALA,7.7
2022,GALAPAGOS,5.6,AMBATO,4.8
2022,SUCUMBIOS,4.5,QUITO,9.0
2022,SUCUMBIOS,4.5,GUAYAQUIL,3.8
2022,SUCUMBIOS,4.5,CUENCA,5.2
2022,SUCUMBIOS,4.5,MACHALA,7.7
2022,SUCUMBIOS,4.5,AMBATO,4.8
2022,ORELLANA,1.3,QUITO,9.0
2022,ORELLANA,1.3,GUAYAQUIL,3.8
2022,ORELLANA,1.3,CUENCA,5.2
2022,ORELLANA,1.3,MACHALA,7.7
2022,ORELLANA,1.3,AMBATO,4.8
2022,SANTO DOMINGO DE LOS TSACHILAS,2.3,QUITO,9.0
2022,SANTO DOMINGO DE LOS TSACHILAS,2.3,GUAYAQUIL,3.8
2022,SANTO DOMINGO DE LOS TSACHILAS,2.3,CUENCA,5.2
2022,SANTO DOMINGO DE LOS TSACHILAS,2.3,MACHALA,7.7
2022,SANTO DOMINGO DE LOS TSACHILAS,2.3,AMBATO,4.8
2022,SANTA ELENA,2.7,QUITO,9.0
2022,SANTA ELENA,2.7,GUAYAQUIL,3.8
2022,SANTA ELENA,2.7,CUENCA,5.2
2022,SANTA ELENA,2.7,MACHALA,7.7
2022,SANTA ELENA,2.7,AMBATO,4.8
2020,AZUAY,,QUITO,"15,8"
2020,AZUAY,,GUAYAQUIL,"4,2"
2020,AZUAY,,CUENCA,"7,3"
2020,AZUAY,,MACHALA,"11,1"
2020,AZUAY,,AMBATO,8
2020,BOLIVAR,,QUITO,"15,8"
2020,BOLIVAR,,GUAYAQUIL,"4,2"
2020,BOLIVAR,,CUENCA,"7,3"
2020,BOLIVAR,,MACHALA,"11,1"
2020,BOLIVAR,,AMBATO,8
2020,CAÑAR,,QUITO,"15,8"
2020,CAÑAR,,GUAYAQUIL,"4,2"
2020,CAÑAR,,CUENCA,"7,3"
2020,CAÑAR,,MACHALA,"11,1"
2020,CAÑAR,,AMBATO,8
2020,CARCHI,,QUITO,"15,8"
2020,CARCHI,,GUAYAQUIL,"4,2"
2020,CARCHI,,CUENCA,"7,3"
2020,CARCHI,,MACHALA,"11,1"
2020,CARCHI,,AMBATO,8
2020,COTOPAXI,,QUITO,"15,8"
2020,COTOPAXI,,GUAYAQUIL,"4,2"
2020,COTOPAXI,,CUENCA,"7,3"
2020,COTOPAXI,,MACHALA,"11,1"
2020,COTOPAXI,,AMBATO,8
2020,CHIMBORAZO,,QUITO,"15,8"
2020,CHIMBORAZO,,GUAYAQUIL,"4,2"
2020,CHIMBORAZO,,CUENCA,"7,3"
2020,CHIMBORAZO,,MACHALA,"11,1"
2020,CHIMBORAZO,,AMBATO,8
2020,EL ORO,,QUITO,"15,8"
2020,EL ORO,,GUAYAQUIL,"4,2"
2020,EL ORO,,CUENCA,"7,3"
2020,EL ORO,,MACHALA,"11,1"
2020,EL ORO,,AMBATO,8
2020,ESMERALDAS,,QUITO,"15,8"
2020,ESMERALDAS,,GUAYAQUIL,"4,2"
2020,ESMERALDAS,,CUENCA,"7,3"
2020,ESMERALDAS,,MACHALA,"11,1"
2020,ESMERALDAS,,AMBATO,8
2020,GUAYAS,,QUITO,"15,8"
2020,GUAYAS,,GUAYAQUIL,"4,2"
2020,GUAYAS,,CUENCA,"7,3"
2020,GUAYAS,,MACHALA,"11,1"
2020,GUAYAS,,AMBATO,8
2020,IMBABURA,,QUITO,"15,8"
2020,IMBABURA,,GUAYAQUIL,"4,2"
2020,IMBABURA,,CUENCA,"7,3"
2020,IMBABURA,,MACHALA,"11,1"
2020,IMBABURA,,AMBATO,8
2020,LOJA,,QUITO,"15,8"
2020,LOJA,,GUAYAQUIL,"4,2"
2020,LOJA,,CUENCA,"7,3"
2020,LOJA,,MACHALA,"11,1"
2020,LOJA,,AMBATO,8
2020,LOS RIOS,,QUITO,"15,8"
2020,LOS RIOS,,GUAYAQUIL,"4,2"
2020,LOS RIOS,,CUENCA,"7,3"
2020,LOS RIOS,,MACHALA,"11,1"
2020,LOS RIOS,,AMBATO,8
2020,MANABI,,QUITO,"15,8"
2020,MANABI,,GUAYAQUIL,"4,2"
2020,MANABI,,CUENCA,"7,3"
2020,MANABI,,MACHALA,"11,1"
2020,MANABI,,AMBATO,8
2020,MORONA SANTIAGO,,QUITO,"15,8"
2020,MORONA SANTIAGO,,GUAYAQUIL,"4,2"
2020,MORONA SANTIAGO,,CUENCA,"7,3"
2020,MORONA SANTIAGO,,MACHALA,"11,1"
2020,MORONA SANTIAGO,,AMBATO,8
2020,NAPO,,QUITO,"15,8"
2020,NAPO,,GUAYAQUIL,"4,2"
2020,NAPO,,CUENCA,"7,3"
2020,NAPO,,MACHALA,"11,1"
2020,NAPO,,AMBATO,8
2020,PASTAZA,,QUITO,"15,8"
2020,PASTAZA,,GUAYAQUIL,"4,2"
2020,PASTAZA,,CUENCA,"7,3"
2020,PASTAZA,,MACHALA,"11,1"
2020,PASTAZA,,AMBATO,8
2020,PICHINCHA,,QUITO,"15,8"
2020,PICHINCHA,,GUAYAQUIL,"4,2"
2020,PICHINCHA,,CUENCA,"7,3"
2020,PICHINCHA,,MACHALA,"11,1"
2020,PICHINCHA,,AMBATO,8
2020,TUNGURAHUA,,QUITO,"15,8"
2020,TUNGURAHUA,,GUAYAQUIL,"4,2"
2020,TUNGURAHUA,,CUENCA,"7,3"
2020,TUNGURAHUA,,MACHALA,"11,1"
2020,TUNGURAHUA,,AMBATO,8
2020,ZAMORA CHINCHIPE,,QUITO,"15,8"
2020,ZAMORA CHINCHIPE,,GUAYAQUIL,"4,2"
2020,ZAMORA CHINCHIPE,,CUENCA,"7,3"
2020,ZAMORA CHINCHIPE,,MACHALA,"11,1"
2020,ZAMORA CHINCHIPE,,AMBATO,8
2020,GALAPAGOS,,QUITO,"15,8"
2020,GALAPAGOS,,GUAYAQUIL,"4,2"
2020,GALAPAGOS,,CUENCA,"7,3"
2020,GALAPAGOS,,MACHALA,"11,1"
2020,GALAPAGOS,,AMBATO,8
2020,SUCUMBIOS,,QUITO,"15,8"
2020,SUCUMBIOS,,GUAYAQUIL,"4,2"
2020,SUCUMBIOS,,CUENCA,"7,3"
2020,SUCUMBIOS,,MACHALA,"11,1"
2020,SUCUMBIOS,,AMBATO,8
2020,ORELLANA,,QUITO,"15,8"
2020,ORELLANA,,GUAYAQUIL,"4,2"
2020,ORELLANA,,CUENCA,"7,3"
2020,ORELLANA,,MACHALA,"11,1"
2020,ORELLANA,,AMBATO,8
2020,SANTO DOMINGO DE LOS TSACHILAS,,QUITO,"15,8"
2020,SANTO DOMINGO DE LOS TSACHILAS,,GUAYAQUIL,"4,2"
2020,SANTO DOMINGO DE LOS TSACHILAS,,CUENCA,"7,3"
2020,SANTO DOMINGO DE LOS TSACHILAS,,MACHALA,"11,1"
2020,SANTO DOMINGO DE LOS TSACHILAS,,AMBATO,8
2020,SANTA ELENA,,QUITO,"15,8"
2020,SANTA ELENA,,GUAYAQUIL,"4,2"
2020,SANTA ELENA,,CUENCA,"7,3"
2020,SANTA ELENA,,MACHALA,"11,1"
2020,SANTA ELENA,,AMBATO,8
2023,AZUAY,,QUITO,"7,8"
2023,AZUAY,,GUAYAQUIL,"3,7"
2023,AZUAY,,CUENCA,"4,1"
2023,AZUAY,,MACHALA,6
2023,AZUAY,,AMBATO,"3,8"
2023,BOLIVAR,,QUITO,"7,8"
2023,BOLIVAR,,GUAYAQUIL,"3,7"
2023,BOLIVAR,,CUENCA,"4,1"
2023,BOLIVAR,,MACHALA,6
2023,BOLIVAR,,AMBATO,"3,8"
2023,CAÑAR,,QUITO,"7,8"
2023,CAÑAR,,GUAYAQUIL,"3,7"
2023,CAÑAR,,CUENCA,"4,1"
2023,CAÑAR,,MACHALA,6
2023,CAÑAR,,AMBATO,"3,8"
2023,CARCHI,,QUITO,"7,8"
2023,CARCHI,,GUAYAQUIL,"3,7"
2023,CARCHI,,CUENCA,"4,1"
2023,CARCHI,,MACHALA,6
2023,CARCHI,,AMBATO,"3,8"
2023,COTOPAXI,,QUITO,"7,8"
2023,COTOPAXI,,GUAYAQUIL,"3,7"
2023,COTOPAXI,,CUENCA,"4,1"
2023,COTOPAXI,,MACHALA,6
2023,COTOPAXI,,AMBATO,"3,8"
2023,CHIMBORAZO,,QUITO,"7,8"
2023,CHIMBORAZO,,GUAYAQUIL,"3,7"
2023,CHIMBORAZO,,CUENCA,"4,1"
2023,CHIMBORAZO,,MACHALA,6
2023,CHIMBORAZO,,AMBATO,"3,8"
2023,EL ORO,,QUITO,"7,8"
2023,EL ORO,,GUAYAQUIL,"3,7"
2023,EL ORO,,CUENCA,"4,1"
2023,EL ORO,,MACHALA,6
2023,EL ORO,,AMBATO,"3,8"
2023,ESMERALDAS,,QUITO,"7,8"
2023,ESMERALDAS,,GUAYAQUIL,"3,7"
2023,ESMERALDAS,,CUENCA,"4,1"
2023,ESMERALDAS,,MACHALA,6
2023,ESMERALDAS,,AMBATO,"3,8"
2023,GUAYAS,,QUITO,"7,8"
2023,GUAYAS,,GUAYAQUIL,"3,7"
2023,GUAYAS,,CUENCA,"4,1"
2023,GUAYAS,,MACHALA,6
2023,GUAYAS,,AMBATO,"3,8"
2023,IMBABURA,,QUITO,"7,8"
2023,IMBABURA,,GUAYAQUIL,"3,7"
2023,IMBABURA,,CUENCA,"4,1"
2023,IMBABURA,,MACHALA,6
2023,IMBABURA,,AMBATO,"3,8"
2023,LOJA,,QUITO,"7,8"
2023,LOJA,,GUAYAQUIL,"3,7"
2023,LOJA,,CUENCA,"4,1"
2023,LOJA,,MACHALA,6
2023,LOJA,,AMBATO,"3,8"
2023,LOS RIOS,,QUITO,"7,8"
2023,LOS RIOS,,GUAYAQUIL,"3,7"
2023,LOS RIOS,,CUENCA,"4,1"
2023,LOS RIOS,,MACHALA,6
2023,LOS RIOS,,AMBATO,"3,8"
2023,MANABI,,QUITO,"7,8"
2023,MANABI,,GUAYAQUIL,"3,7"
2023,MANABI,,CUENCA,"4,1"
2023,MANABI,,MACHALA,6
2023,MANABI,,AMBATO,"3,8"
2023,MORONA SANTIAGO,,QUITO,"7,8"
2023,MORONA SANTIAGO,,GUAYAQUIL,"3,7"
2023,MORONA SANTIAGO,,CUENCA,"4,1"
2023,MORONA SANTIAGO,,MACHALA,6
2023,MORONA SANTIAGO,,AMBATO,"3,8"
2023,NAPO,,QUITO,"7,8"
2023,NAPO,,GUAYAQUIL,"3,7"
2023,NAPO,,CUENCA,"4,1"
2023,NAPO,,MACHALA,6
2023,NAPO,,AMBATO,"3,8"
2023,PASTAZA,,QUITO,"7,8"
2023,PASTAZA,,GUAYAQUIL,"3,7"
2023,PASTAZA,,CUENCA,"4,1"
2023,PASTAZA,,MACHALA,6
2023,PASTAZA,,AMBATO,"3,8"
2023,PICHINCHA,,QUITO,"7,8"
2023,PICHINCHA,,GUAYAQUIL,"3,7"
2023,PICHINCHA,,CUENCA,"4,1"
2023,PICHINCHA,,MACHALA,6
2023,PICHINCHA,,AMBATO,"3,8"
2023,TUNGURAHUA,,QUITO,"7,8"
2023,TUNGURAHUA,,GUAYAQUIL,"3,7"
2023,TUNGURAHUA,,CUENCA,"4,1"
2023,TUNGURAHUA,,MACHALA,6
2023,TUNGURAHUA,,AMBATO,"3,8"
2023,ZAMORA CHINCHIPE,,QUITO,"7,8"
2023,ZAMORA CHINCHIPE,,GUAYAQUIL,"3,7"
2023,ZAMORA CHINCHIPE,,CUENCA,"4,1"
2023,ZAMORA CHINCHIPE,,MACHALA,6
2023,ZAMORA CHINCHIPE,,AMBATO,"3,8"
2023,GALAPAGOS,,QUITO,"7,8"
2023,GALAPAGOS,,GUAYAQUIL,"3,7"
2023,GALAPAGOS,,CUENCA,"4,1"
2023,GALAPAGOS,,MACHALA,6
2023,GALAPAGOS,,AMBATO,"3,8"
2023,SUCUMBIOS,,QUITO,"7,8"
2023,SUCUMBIOS,,GUAYAQUIL,"3,7"
2023,SUCUMBIOS,,CUENCA,"4,1"
2023,SUCUMBIOS,,MACHALA,6
2023,SUCUMBIOS,,AMBATO,"3,8"
2023,ORELLANA,,QUITO,"7,8"
2023,ORELLANA,,GUAYAQUIL,"3,7"
2023,ORELLANA,,CUENCA,"4,1"
2023,ORELLANA,,MACHALA,6
2023,ORELLANA,,AMBATO,"3,8"
2023,SANTO DOMINGO DE LOS TSACHILAS,,QUITO,"7,8"
2023,SANTO DOMINGO DE LOS TSACHILAS,,GUAYAQUIL,"3,7"
2023,SANTO DOMINGO DE LOS TSACHILAS,,CUENCA,"4,1"
2023,SANTO DOMINGO DE LOS TSACHILAS,,MACHALA,6
2023,SANTO DOMINGO DE LOS TSACHILAS,,AMBATO,"3,8"
2023,SANTA ELENA,,QUITO,"7,8"
2023,SANTA ELENA,,GUAYAQUIL,"3,7"
2023,SANTA ELENA,,CUENCA,"4,1"
2023,SANTA ELENA,,MACHALA,6
2023,SANTA ELENA,,AMBATO,"3,8"
