Año,Provincia,Poblacion Provincia,Canton,Población Canton
2016,AZUAY,837801.0,QUITO,1875436
2016,AZUAY,837801.0,GUAYAQUIL,2538209
2016,AZUAY,837801.0,CUENCA,386346
2016,AZUAY,837801.0,MACHALA,262307
2016,AZUAY,837801.0,AMBATO,186621
2016,BOLIVAR,206761.0,QUITO,1875436
2016,BOLIVAR,206761.0,GUAYAQUIL,2538209
2016,BOLIVAR,206761.0,CUENCA,386346
2016,BOLIVAR,206761.0,MACHALA,262307
2016,BOLIVAR,206761.0,AMBATO,186621
2016,CAÑAR,267923.0,QUITO,1875436
2016,CAÑAR,267923.0,GUAYAQUIL,2538209
2016,CAÑAR,267923.0,CUENCA,386346
2016,CAÑAR,267923.0,MACHALA,262307
2016,CAÑAR,267923.0,AMBATO,186621
2016,CARCHI,182859.0,QUITO,1875436
2016,CARCHI,182859.0,GUAYAQUIL,2538209
2016,CARCHI,182859.0,CUENCA,386346
2016,CARCHI,182859.0,MACHALA,262307
2016,CARCHI,182859.0,AMBATO,186621
2016,COTOPAXI,472986.0,QUITO,1875436
2016,COTOPAXI,472986.0,GUAYAQUIL,2538209
2016,COTOPAXI,472986.0,CUENCA,386346
2016,COTOPAXI,472986.0,MACHALA,262307
2016,COTOPAXI,472986.0,AMBATO,186621
2016,CHIMBORAZO,515248.0,QUITO,1875436
2016,CHIMBORAZO,515248.0,GUAYAQUIL,2538209
2016,CHIMBORAZO,515248.0,CUENCA,386346
2016,CHIMBORAZO,515248.0,MACHALA,262307
2016,CHIMBORAZO,515248.0,AMBATO,186621
2016,EL ORO,685431.0,QUITO,1875436
2016,EL ORO,685431.0,GUAYAQUIL,2538209
2016,EL ORO,685431.0,CUENCA,386346
2016,EL ORO,685431.0,MACHALA,262307
2016,EL ORO,685431.0,AMBATO,186621
2016,ESMERALDAS,616329.0,QUITO,1875436
2016,ESMERALDAS,616329.0,GUAYAQUIL,2538209
2016,ESMERALDAS,616329.0,CUENCA,386346
2016,ESMERALDAS,616329.0,MACHALA,262307
2016,ESMERALDAS,616329.0,AMBATO,186621
2016,GUAYAS,4172350.0,QUITO,1875436
2016,GUAYAS,4172350.0,GUAYAQUIL,2538209
2016,GUAYAS,4172350.0,CUENCA,386346
2016,GUAYAS,4172350.0,MACHALA,262307
2016,GUAYAS,4172350.0,AMBATO,186621
2016,IMBABURA,456259.0,QUITO,1875436
2016,IMBABURA,456259.0,GUAYAQUIL,2538209
2016,IMBABURA,456259.0,CUENCA,386346
2016,IMBABURA,456259.0,MACHALA,262307
2016,IMBABURA,456259.0,AMBATO,186621
2016,LOJA,505157.0,QUITO,1875436
2016,LOJA,505157.0,GUAYAQUIL,2538209
2016,LOJA,505157.0,CUENCA,386346
2016,LOJA,505157.0,MACHALA,262307
2016,LOJA,505157.0,AMBATO,186621
2016,LOS RIOS,885875.0,QUITO,1875436
2016,LOS RIOS,885875.0,GUAYAQUIL,2538209
2016,LOS RIOS,885875.0,CUENCA,386346
2016,LOS RIOS,885875.0,MACHALA,262307
2016,LOS RIOS,885875.0,AMBATO,186621
2016,MANABI,1522324.0,QUITO,1875436
2016,MANABI,1522324.0,GUAYAQUIL,2538209
2016,MANABI,1522324.0,CUENCA,386346
2016,MANABI,1522324.0,MACHALA,262307
2016,MANABI,1522324.0,AMBATO,186621
2016,MORONA SANTIAGO,184841.0,QUITO,1875436
2016,MORONA SANTIAGO,184841.0,GUAYAQUIL,2538209
2016,MORONA SANTIAGO,184841.0,CUENCA,386346
2016,MORONA SANTIAGO,184841.0,MACHALA,262307
2016,MORONA SANTIAGO,184841.0,AMBATO,186621
2016,NAPO,125885.0,QUITO,1875436
2016,NAPO,125885.0,GUAYAQUIL,2538209
2016,NAPO,125885.0,CUENCA,386346
2016,NAPO,125885.0,MACHALA,262307
2016,NAPO,125885.0,AMBATO,186621
2016,PASTAZA,105852.0,QUITO,1875436
2016,PASTAZA,105852.0,GUAYAQUIL,2538209
2016,PASTAZA,105852.0,CUENCA,386346
2016,PASTAZA,105852.0,MACHALA,262307
2016,PASTAZA,105852.0,AMBATO,186621
2016,PICHINCHA,3039198.0,QUITO,1875436
2016,PICHINCHA,3039198.0,GUAYAQUIL,2538209
2016,PICHINCHA,3039198.0,CUENCA,386346
2016,PICHINCHA,3039198.0,MACHALA,262307
2016,PICHINCHA,3039198.0,AMBATO,186621
2016,TUNGURAHUA,573373.0,QUITO,1875436
2016,TUNGURAHUA,573373.0,GUAYAQUIL,2538209
2016,TUNGURAHUA,573373.0,CUENCA,386346
2016,TUNGURAHUA,573373.0,MACHALA,262307
2016,TUNGURAHUA,573373.0,AMBATO,186621
2016,ZAMORA CHINCHIPE,113129.0,QUITO,1875436
2016,ZAMORA CHINCHIPE,113129.0,GUAYAQUIL,2538209
2016,ZAMORA CHINCHIPE,113129.0,CUENCA,386346
2016,ZAMORA CHINCHIPE,113129.0,MACHALA,262307
2016,ZAMORA CHINCHIPE,113129.0,AMBATO,186621
2016,GALAPAGOS,30532.0,QUITO,1875436
2016,GALAPAGOS,30532.0,GUAYAQUIL,2538209
2016,GALAPAGOS,30532.0,CUENCA,386346
2016,GALAPAGOS,30532.0,MACHALA,262307
2016,GALAPAGOS,30532.0,AMBATO,186621
2016,SUCUMBIOS,215991.0,QUITO,1875436
2016,SUCUMBIOS,215991.0,GUAYAQUIL,2538209
2016,SUCUMBIOS,215991.0,CUENCA,386346
2016,SUCUMBIOS,215991.0,MACHALA,262307
2016,SUCUMBIOS,215991.0,AMBATO,186621
2016,ORELLANA,155535.0,QUITO,1875436
2016,ORELLANA,155535.0,GUAYAQUIL,2538209
2016,ORELLANA,155535.0,CUENCA,386346
2016,ORELLANA,155535.0,MACHALA,262307
2016,ORELLANA,155535.0,AMBATO,186621
2016,SANTO DOMINGO DE LOS TSACHILAS,431754.0,QUITO,1875436
2016,SANTO DOMINGO DE LOS TSACHILAS,431754.0,GUAYAQUIL,2538209
2016,SANTO DOMINGO DE LOS TSACHILAS,431754.0,CUENCA,386346
2016,SANTO DOMINGO DE LOS TSACHILAS,431754.0,MACHALA,262307
2016,SANTO DOMINGO DE LOS TSACHILAS,431754.0,AMBATO,186621
2016,SANTA ELENA,371881.0,QUITO,1875436
2016,SANTA ELENA,371881.0,GUAYAQUIL,2538209
2016,SANTA ELENA,371881.0,CUENCA,386346
2016,SANTA ELENA,371881.0,MACHALA,262307
2016,SANTA ELENA,371881.0,AMBATO,186621
2017,AZUAY,1004108.0,QUITO,1907739
2017,AZUAY,1004108.0,GUAYAQUIL,2563585
2017,AZUAY,1004108.0,CUENCA,393502
2017,AZUAY,1004108.0,MACHALA,265218
2017,AZUAY,1004108.0,AMBATO,188805
2017,BOLIVAR,239127.0,QUITO,1907739
2017,BOLIVAR,239127.0,GUAYAQUIL,2563585
2017,BOLIVAR,239127.0,CUENCA,393502
2017,BOLIVAR,239127.0,MACHALA,265218
2017,BOLIVAR,239127.0,AMBATO,188805
2017,CAÑAR,325438.0,QUITO,1907739
2017,CAÑAR,325438.0,GUAYAQUIL,2563585
2017,CAÑAR,325438.0,CUENCA,393502
2017,CAÑAR,325438.0,MACHALA,265218
2017,CAÑAR,325438.0,AMBATO,188805
2017,CARCHI,275136.0,QUITO,1907739
2017,CARCHI,275136.0,GUAYAQUIL,2563585
2017,CARCHI,275136.0,CUENCA,393502
2017,CARCHI,275136.0,MACHALA,265218
2017,CARCHI,275136.0,AMBATO,188805
2017,COTOPAXI,696305.0,QUITO,1907739
2017,COTOPAXI,696305.0,GUAYAQUIL,2563585
2017,COTOPAXI,696305.0,CUENCA,393502
2017,COTOPAXI,696305.0,MACHALA,265218
2017,COTOPAXI,696305.0,AMBATO,188805
2017,CHIMBORAZO,434234.0,QUITO,1907739
2017,CHIMBORAZO,434234.0,GUAYAQUIL,2563585
2017,CHIMBORAZO,434234.0,CUENCA,393502
2017,CHIMBORAZO,434234.0,MACHALA,265218
2017,CHIMBORAZO,434234.0,AMBATO,188805
2017,EL ORO,667337.0,QUITO,1907739
2017,EL ORO,667337.0,GUAYAQUIL,2563585
2017,EL ORO,667337.0,CUENCA,393502
2017,EL ORO,667337.0,MACHALA,265218
2017,EL ORO,667337.0,AMBATO,188805
2017,ESMERALDAS,895044.0,QUITO,1907739
2017,ESMERALDAS,895044.0,GUAYAQUIL,2563585
2017,ESMERALDAS,895044.0,CUENCA,393502
2017,ESMERALDAS,895044.0,MACHALA,265218
2017,ESMERALDAS,895044.0,AMBATO,188805
2017,GUAYAS,3885410.0,QUITO,1907739
2017,GUAYAS,3885410.0,GUAYAQUIL,2563585
2017,GUAYAS,3885410.0,CUENCA,393502
2017,GUAYAS,3885410.0,MACHALA,265218
2017,GUAYAS,3885410.0,AMBATO,188805
2017,IMBABURA,483366.0,QUITO,1907739
2017,IMBABURA,483366.0,GUAYAQUIL,2563585
2017,IMBABURA,483366.0,CUENCA,393502
2017,IMBABURA,483366.0,MACHALA,265218
2017,IMBABURA,483366.0,AMBATO,188805
2017,LOJA,413059.0,QUITO,1907739
2017,LOJA,413059.0,GUAYAQUIL,2563585
2017,LOJA,413059.0,CUENCA,393502
2017,LOJA,413059.0,MACHALA,265218
2017,LOJA,413059.0,AMBATO,188805
2017,LOS RIOS,974376.0,QUITO,1907739
2017,LOS RIOS,974376.0,GUAYAQUIL,2563585
2017,LOS RIOS,974376.0,CUENCA,393502
2017,LOS RIOS,974376.0,MACHALA,265218
2017,LOS RIOS,974376.0,AMBATO,188805
2017,MANABI,1456867.0,QUITO,1907739
2017,MANABI,1456867.0,GUAYAQUIL,2563585
2017,MANABI,1456867.0,CUENCA,393502
2017,MANABI,1456867.0,MACHALA,265218
2017,MANABI,1456867.0,AMBATO,188805
2017,MORONA SANTIAGO,199016.0,QUITO,1907739
2017,MORONA SANTIAGO,199016.0,GUAYAQUIL,2563585
2017,MORONA SANTIAGO,199016.0,CUENCA,393502
2017,MORONA SANTIAGO,199016.0,MACHALA,265218
2017,MORONA SANTIAGO,199016.0,AMBATO,188805
2017,NAPO,138158.0,QUITO,1907739
2017,NAPO,138158.0,GUAYAQUIL,2563585
2017,NAPO,138158.0,CUENCA,393502
2017,NAPO,138158.0,MACHALA,265218
2017,NAPO,138158.0,AMBATO,188805
2017,PASTAZA,141674.0,QUITO,1907739
2017,PASTAZA,141674.0,GUAYAQUIL,2563585
2017,PASTAZA,141674.0,CUENCA,393502
2017,PASTAZA,141674.0,MACHALA,265218
2017,PASTAZA,141674.0,AMBATO,188805
2017,PICHINCHA,2632359.0,QUITO,1907739
2017,PICHINCHA,2632359.0,GUAYAQUIL,2563585
2017,PICHINCHA,2632359.0,CUENCA,393502
2017,PICHINCHA,2632359.0,MACHALA,265218
2017,PICHINCHA,2632359.0,AMBATO,188805
2017,TUNGURAHUA,637610.0,QUITO,1907739
2017,TUNGURAHUA,637610.0,GUAYAQUIL,2563585
2017,TUNGURAHUA,637610.0,CUENCA,393502
2017,TUNGURAHUA,637610.0,MACHALA,265218
2017,TUNGURAHUA,637610.0,AMBATO,188805
2017,ZAMORA CHINCHIPE,97496.0,QUITO,1907739
2017,ZAMORA CHINCHIPE,97496.0,GUAYAQUIL,2563585
2017,ZAMORA CHINCHIPE,97496.0,CUENCA,393502
2017,ZAMORA CHINCHIPE,97496.0,MACHALA,265218
2017,ZAMORA CHINCHIPE,97496.0,AMBATO,188805
2017,GALAPAGOS,34225.0,QUITO,1907739
2017,GALAPAGOS,34225.0,GUAYAQUIL,2563585
2017,GALAPAGOS,34225.0,CUENCA,393502
2017,GALAPAGOS,34225.0,MACHALA,265218
2017,GALAPAGOS,34225.0,AMBATO,188805
2017,SUCUMBIOS,186371.0,QUITO,1907739
2017,SUCUMBIOS,186371.0,GUAYAQUIL,2563585
2017,SUCUMBIOS,186371.0,CUENCA,393502
2017,SUCUMBIOS,186371.0,MACHALA,265218
2017,SUCUMBIOS,186371.0,AMBATO,188805
2017,ORELLANA,158125.0,QUITO,1907739
2017,ORELLANA,158125.0,GUAYAQUIL,2563585
2017,ORELLANA,158125.0,CUENCA,393502
2017,ORELLANA,158125.0,MACHALA,265218
2017,ORELLANA,158125.0,AMBATO,188805
2017,SANTO DOMINGO DE LOS TSACHILAS,460444.0,QUITO,1907739
2017,SANTO DOMINGO DE LOS TSACHILAS,460444.0,GUAYAQUIL,2563585
2017,SANTO DOMINGO DE LOS TSACHILAS,460444.0,CUENCA,393502
2017,SANTO DOMINGO DE LOS TSACHILAS,460444.0,MACHALA,265218
2017,SANTO DOMINGO DE LOS TSACHILAS,460444.0,AMBATO,188805
2017,SANTA ELENA,480931.0,QUITO,1907739
2017,SANTA ELENA,480931.0,GUAYAQUIL,2563585
2017,SANTA ELENA,480931.0,CUENCA,393502
2017,SANTA ELENA,480931.0,MACHALA,265218
2017,SANTA ELENA,480931.0,AMBATO,188805
2018,AZUAY,819705.0,QUITO,1941789
2018,AZUAY,819705.0,GUAYAQUIL,2599084
2018,AZUAY,819705.0,CUENCA,400655
2018,AZUAY,819705.0,MACHALA,269037
2018,AZUAY,819705.0,AMBATO,191652
2018,BOLIVAR,202919.5,QUITO,1941789
2018,BOLIVAR,202919.5,GUAYAQUIL,2599084
2018,BOLIVAR,202919.5,CUENCA,400655
2018,BOLIVAR,202919.5,MACHALA,269037
2018,BOLIVAR,202919.5,AMBATO,191652
2018,CAÑAR,247750.5,QUITO,1941789
2018,CAÑAR,247750.5,GUAYAQUIL,2599084
2018,CAÑAR,247750.5,CUENCA,400655
2018,CAÑAR,247750.5,MACHALA,269037
2018,CAÑAR,247750.5,AMBATO,191652
2018,CARCHI,177843.5,QUITO,1941789
2018,CARCHI,177843.5,GUAYAQUIL,2599084
2018,CARCHI,177843.5,CUENCA,400655
2018,CARCHI,177843.5,MACHALA,269037
2018,CARCHI,177843.5,AMBATO,191652
2018,COTOPAXI,471598.0,QUITO,1941789
2018,COTOPAXI,471598.0,GUAYAQUIL,2599084
2018,COTOPAXI,471598.0,CUENCA,400655
2018,COTOPAXI,471598.0,MACHALA,269037
2018,COTOPAXI,471598.0,AMBATO,191652
2018,CHIMBORAZO,471933.0,QUITO,1941789
2018,CHIMBORAZO,471933.0,GUAYAQUIL,2599084
2018,CHIMBORAZO,471933.0,CUENCA,400655
2018,CHIMBORAZO,471933.0,MACHALA,269037
2018,CHIMBORAZO,471933.0,AMBATO,191652
2018,EL ORO,700011.5,QUITO,1941789
2018,EL ORO,700011.5,GUAYAQUIL,2599084
2018,EL ORO,700011.5,CUENCA,400655
2018,EL ORO,700011.5,MACHALA,269037
2018,EL ORO,700011.5,AMBATO,191652
2018,ESMERALDAS,585114.5,QUITO,1941789
2018,ESMERALDAS,585114.5,GUAYAQUIL,2599084
2018,ESMERALDAS,585114.5,CUENCA,400655
2018,ESMERALDAS,585114.5,MACHALA,269037
2018,ESMERALDAS,585114.5,AMBATO,191652
2018,GUAYAS,4282136.5,QUITO,1941789
2018,GUAYAS,4282136.5,GUAYAQUIL,2599084
2018,GUAYAS,4282136.5,CUENCA,400655
2018,GUAYAS,4282136.5,MACHALA,269037
2018,GUAYAS,4282136.5,AMBATO,191652
2018,IMBABURA,469879.0,QUITO,1941789
2018,IMBABURA,469879.0,GUAYAQUIL,2599084
2018,IMBABURA,469879.0,CUENCA,400655
2018,IMBABURA,469879.0,MACHALA,269037
2018,IMBABURA,469879.0,AMBATO,191652
2018,LOJA,485421.0,QUITO,1941789
2018,LOJA,485421.0,GUAYAQUIL,2599084
2018,LOJA,485421.0,CUENCA,400655
2018,LOJA,485421.0,MACHALA,269037
2018,LOJA,485421.0,AMBATO,191652
2018,LOS RIOS,898652.0,QUITO,1941789
2018,LOS RIOS,898652.0,GUAYAQUIL,2599084
2018,LOS RIOS,898652.0,CUENCA,400655
2018,LOS RIOS,898652.0,MACHALA,269037
2018,LOS RIOS,898652.0,AMBATO,191652
2018,MANABI,1557582.0,QUITO,1941789
2018,MANABI,1557582.0,GUAYAQUIL,2599084
2018,MANABI,1557582.0,CUENCA,400655
2018,MANABI,1557582.0,MACHALA,269037
2018,MANABI,1557582.0,AMBATO,191652
2018,MORONA SANTIAGO,192508.0,QUITO,1941789
2018,MORONA SANTIAGO,192508.0,GUAYAQUIL,2599084
2018,MORONA SANTIAGO,192508.0,CUENCA,400655
2018,MORONA SANTIAGO,192508.0,MACHALA,269037
2018,MORONA SANTIAGO,192508.0,AMBATO,191652
2018,NAPO,131675.0,QUITO,1941789
2018,NAPO,131675.0,GUAYAQUIL,2599084
2018,NAPO,131675.0,CUENCA,400655
2018,NAPO,131675.0,MACHALA,269037
2018,NAPO,131675.0,AMBATO,191652
2018,PASTAZA,111915.0,QUITO,1941789
2018,PASTAZA,111915.0,GUAYAQUIL,2599084
2018,PASTAZA,111915.0,CUENCA,400655
2018,PASTAZA,111915.0,MACHALA,269037
2018,PASTAZA,111915.0,AMBATO,191652
2018,PICHINCHA,3064335.5,QUITO,1941789
2018,PICHINCHA,3064335.5,GUAYAQUIL,2599084
2018,PICHINCHA,3064335.5,CUENCA,400655
2018,PICHINCHA,3064335.5,MACHALA,269037
2018,PICHINCHA,3064335.5,AMBATO,191652
2018,TUNGURAHUA,568452.5,QUITO,1941789
2018,TUNGURAHUA,568452.5,GUAYAQUIL,2599084
2018,TUNGURAHUA,568452.5,CUENCA,400655
2018,TUNGURAHUA,568452.5,MACHALA,269037
2018,TUNGURAHUA,568452.5,AMBATO,191652
2018,ZAMORA CHINCHIPE,110973.0,QUITO,1941789
2018,ZAMORA CHINCHIPE,110973.0,GUAYAQUIL,2599084
2018,ZAMORA CHINCHIPE,110973.0,CUENCA,400655
2018,ZAMORA CHINCHIPE,110973.0,MACHALA,269037
2018,ZAMORA CHINCHIPE,110973.0,AMBATO,191652
2018,GALAPAGOS,29557.5,QUITO,1941789
2018,GALAPAGOS,29557.5,GUAYAQUIL,2599084
2018,GALAPAGOS,29557.5,CUENCA,400655
2018,GALAPAGOS,29557.5,MACHALA,269037
2018,GALAPAGOS,29557.5,AMBATO,191652
2018,SUCUMBIOS,199014.0,QUITO,1941789
2018,SUCUMBIOS,199014.0,GUAYAQUIL,2599084
2018,SUCUMBIOS,199014.0,CUENCA,400655
2018,SUCUMBIOS,199014.0,MACHALA,269037
2018,SUCUMBIOS,199014.0,AMBATO,191652
2018,ORELLANA,170145.5,QUITO,1941789
2018,ORELLANA,170145.5,GUAYAQUIL,2599084
2018,ORELLANA,170145.5,CUENCA,400655
2018,ORELLANA,170145.5,MACHALA,269037
2018,ORELLANA,170145.5,AMBATO,191652
2018,SANTO DOMINGO DE LOS TSACHILAS,476706.5,QUITO,1941789
2018,SANTO DOMINGO DE LOS TSACHILAS,476706.5,GUAYAQUIL,2599084
2018,SANTO DOMINGO DE LOS TSACHILAS,476706.5,CUENCA,400655
2018,SANTO DOMINGO DE LOS TSACHILAS,476706.5,MACHALA,269037
2018,SANTO DOMINGO DE LOS TSACHILAS,476706.5,AMBATO,191652
2018,SANTA ELENA,385735.0,QUITO,1941789
2018,SANTA ELENA,385735.0,GUAYAQUIL,2599084
2018,SANTA ELENA,385735.0,CUENCA,400655
2018,SANTA ELENA,385735.0,MACHALA,269037
2018,SANTA ELENA,385735.0,AMBATO,191652
2019,AZUAY,819705.0,QUITO,1964156
2019,AZUAY,819705.0,GUAYAQUIL,2629022
2019,AZUAY,819705.0,CUENCA,405270
2019,AZUAY,819705.0,MACHALA,272136
2019,AZUAY,819705.0,AMBATO,193859
2019,BOLIVAR,202919.5,QUITO,1964156
2019,BOLIVAR,202919.5,GUAYAQUIL,2629022
2019,BOLIVAR,202919.5,CUENCA,405270
2019,BOLIVAR,202919.5,MACHALA,272136
2019,BOLIVAR,202919.5,AMBATO,193859
2019,CAÑAR,247750.5,QUITO,1964156
2019,CAÑAR,247750.5,GUAYAQUIL,2629022
2019,CAÑAR,247750.5,CUENCA,405270
2019,CAÑAR,247750.5,MACHALA,272136
2019,CAÑAR,247750.5,AMBATO,193859
2019,CARCHI,177843.5,QUITO,1964156
2019,CARCHI,177843.5,GUAYAQUIL,2629022
2019,CARCHI,177843.5,CUENCA,405270
2019,CARCHI,177843.5,MACHALA,272136
2019,CARCHI,177843.5,AMBATO,193859
2019,COTOPAXI,471598.0,QUITO,1964156
2019,COTOPAXI,471598.0,GUAYAQUIL,2629022
2019,COTOPAXI,471598.0,CUENCA,405270
2019,COTOPAXI,471598.0,MACHALA,272136
2019,COTOPAXI,471598.0,AMBATO,193859
2019,CHIMBORAZO,471933.0,QUITO,1964156
2019,CHIMBORAZO,471933.0,GUAYAQUIL,2629022
2019,CHIMBORAZO,471933.0,CUENCA,405270
2019,CHIMBORAZO,471933.0,MACHALA,272136
2019,CHIMBORAZO,471933.0,AMBATO,193859
2019,EL ORO,700011.5,QUITO,1964156
2019,EL ORO,700011.5,GUAYAQUIL,2629022
2019,EL ORO,700011.5,CUENCA,405270
2019,EL ORO,700011.5,MACHALA,272136
2019,EL ORO,700011.5,AMBATO,193859
2019,ESMERALDAS,585114.5,QUITO,1964156
2019,ESMERALDAS,585114.5,GUAYAQUIL,2629022
2019,ESMERALDAS,585114.5,CUENCA,405270
2019,ESMERALDAS,585114.5,MACHALA,272136
2019,ESMERALDAS,585114.5,AMBATO,193859
2019,GUAYAS,4282136.5,QUITO,1964156
2019,GUAYAS,4282136.5,GUAYAQUIL,2629022
2019,GUAYAS,4282136.5,CUENCA,405270
2019,GUAYAS,4282136.5,MACHALA,272136
2019,GUAYAS,4282136.5,AMBATO,193859
2019,IMBABURA,469879.0,QUITO,1964156
2019,IMBABURA,469879.0,GUAYAQUIL,2629022
2019,IMBABURA,469879.0,CUENCA,405270
2019,IMBABURA,469879.0,MACHALA,272136
2019,IMBABURA,469879.0,AMBATO,193859
2019,LOJA,485421.0,QUITO,1964156
2019,LOJA,485421.0,GUAYAQUIL,2629022
2019,LOJA,485421.0,CUENCA,405270
2019,LOJA,485421.0,MACHALA,272136
2019,LOJA,485421.0,AMBATO,193859
2019,LOS RIOS,898652.0,QUITO,1964156
2019,LOS RIOS,898652.0,GUAYAQUIL,2629022
2019,LOS RIOS,898652.0,CUENCA,405270
2019,LOS RIOS,898652.0,MACHALA,272136
2019,LOS RIOS,898652.0,AMBATO,193859
2019,MANABI,1557582.0,QUITO,1964156
2019,MANABI,1557582.0,GUAYAQUIL,2629022
2019,MANABI,1557582.0,CUENCA,405270
2019,MANABI,1557582.0,MACHALA,272136
2019,MANABI,1557582.0,AMBATO,193859
2019,MORONA SANTIAGO,192508.0,QUITO,1964156
2019,MORONA SANTIAGO,192508.0,GUAYAQUIL,2629022
2019,MORONA SANTIAGO,192508.0,CUENCA,405270
2019,MORONA SANTIAGO,192508.0,MACHALA,272136
2019,MORONA SANTIAGO,192508.0,AMBATO,193859
2019,NAPO,131675.0,QUITO,1964156
2019,NAPO,131675.0,GUAYAQUIL,2629022
2019,NAPO,131675.0,CUENCA,405270
2019,NAPO,131675.0,MACHALA,272136
2019,NAPO,131675.0,AMBATO,193859
2019,PASTAZA,111915.0,QUITO,1964156
2019,PASTAZA,111915.0,GUAYAQUIL,2629022
2019,PASTAZA,111915.0,CUENCA,405270
2019,PASTAZA,111915.0,MACHALA,272136
2019,PASTAZA,111915.0,AMBATO,193859
2019,PICHINCHA,3064335.5,QUITO,1964156
2019,PICHINCHA,3064335.5,GUAYAQUIL,2629022
2019,PICHINCHA,3064335.5,CUENCA,405270
2019,PICHINCHA,3064335.5,MACHALA,272136
2019,PICHINCHA,3064335.5,AMBATO,193859
2019,TUNGURAHUA,568452.5,QUITO,1964156
2019,TUNGURAHUA,568452.5,GUAYAQUIL,2629022
2019,TUNGURAHUA,568452.5,CUENCA,405270
2019,TUNGURAHUA,568452.5,MACHALA,272136
2019,TUNGURAHUA,568452.5,AMBATO,193859
2019,ZAMORA CHINCHIPE,110973.0,QUITO,1964156
2019,ZAMORA CHINCHIPE,110973.0,GUAYAQUIL,2629022
2019,ZAMORA CHINCHIPE,110973.0,CUENCA,405270
2019,ZAMORA CHINCHIPE,110973.0,MACHALA,272136
2019,ZAMORA CHINCHIPE,110973.0,AMBATO,193859
2019,GALAPAGOS,29557.5,QUITO,1964156
2019,GALAPAGOS,29557.5,GUAYAQUIL,2629022
2019,GALAPAGOS,29557.5,CUENCA,405270
2019,GALAPAGOS,29557.5,MACHALA,272136
2019,GALAPAGOS,29557.5,AMBATO,193859
2019,SUCUMBIOS,199014.0,QUITO,1964156
2019,SUCUMBIOS,199014.0,GUAYAQUIL,2629022
2019,SUCUMBIOS,199014.0,CUENCA,405270
2019,SUCUMBIOS,199014.0,MACHALA,272136
2019,SUCUMBIOS,199014.0,AMBATO,193859
2019,ORELLANA,170145.5,QUITO,1964156
2019,ORELLANA,170145.5,GUAYAQUIL,2629022
2019,ORELLANA,170145.5,CUENCA,405270
2019,ORELLANA,170145.5,MACHALA,272136
2019,ORELLANA,170145.5,AMBATO,193859
2019,SANTO DOMINGO DE LOS TSACHILAS,476706.5,QUITO,1964156
2019,SANTO DOMINGO DE LOS TSACHILAS,476706.5,GUAYAQUIL,2629022
2019,SANTO DOMINGO DE LOS TSACHILAS,476706.5,CUENCA,405270
2019,SANTO DOMINGO DE LOS TSACHILAS,476706.5,MACHALA,272136
2019,SANTO DOMINGO DE LOS TSACHILAS,476706.5,AMBATO,193859
2019,SANTA ELENA,385735.0,QUITO,1964156
2019,SANTA ELENA,385735.0,GUAYAQUIL,2629022
2019,SANTA ELENA,385735.0,CUENCA,405270
2019,SANTA ELENA,385735.0,MACHALA,272136
2019,SANTA ELENA,385735.0,AMBATO,193859
2020,AZUAY,819705.0,QUITO,1989021
2020,AZUAY,819705.0,GUAYAQUIL,2662302
2020,AZUAY,819705.0,CUENCA,410401
2020,AZUAY,819705.0,MACHALA,275581
2020,AZUAY,819705.0,AMBATO,196313
2020,BOLIVAR,202919.5,QUITO,1989021
2020,BOLIVAR,202919.5,GUAYAQUIL,2662302
2020,BOLIVAR,202919.5,CUENCA,410401
2020,BOLIVAR,202919.5,MACHALA,275581
2020,BOLIVAR,202919.5,AMBATO,196313
2020,CAÑAR,247750.5,QUITO,1989021
2020,CAÑAR,247750.5,GUAYAQUIL,2662302
2020,CAÑAR,247750.5,CUENCA,410401
2020,CAÑAR,247750.5,MACHALA,275581
2020,CAÑAR,247750.5,AMBATO,196313
2020,CARCHI,177843.5,QUITO,1989021
2020,CARCHI,177843.5,GUAYAQUIL,2662302
2020,CARCHI,177843.5,CUENCA,410401
2020,CARCHI,177843.5,MACHALA,275581
2020,CARCHI,177843.5,AMBATO,196313
2020,COTOPAXI,471598.0,QUITO,1989021
2020,COTOPAXI,471598.0,GUAYAQUIL,2662302
2020,COTOPAXI,471598.0,CUENCA,410401
2020,COTOPAXI,471598.0,MACHALA,275581
2020,COTOPAXI,471598.0,AMBATO,196313
2020,CHIMBORAZO,471933.0,QUITO,1989021
2020,CHIMBORAZO,471933.0,GUAYAQUIL,2662302
2020,CHIMBORAZO,471933.0,CUENCA,410401
2020,CHIMBORAZO,471933.0,MACHALA,275581
2020,CHIMBORAZO,471933.0,AMBATO,196313
2020,EL ORO,700011.5,QUITO,1989021
2020,EL ORO,700011.5,GUAYAQUIL,2662302
2020,EL ORO,700011.5,CUENCA,410401
2020,EL ORO,700011.5,MACHALA,275581
2020,EL ORO,700011.5,AMBATO,196313
2020,ESMERALDAS,585114.5,QUITO,1989021
2020,ESMERALDAS,585114.5,GUAYAQUIL,2662302
2020,ESMERALDAS,585114.5,CUENCA,410401
2020,ESMERALDAS,585114.5,MACHALA,275581
2020,ESMERALDAS,585114.5,AMBATO,196313
2020,GUAYAS,4282136.5,QUITO,1989021
2020,GUAYAS,4282136.5,GUAYAQUIL,2662302
2020,GUAYAS,4282136.5,CUENCA,410401
2020,GUAYAS,4282136.5,MACHALA,275581
2020,GUAYAS,4282136.5,AMBATO,196313
2020,IMBABURA,469879.0,QUITO,1989021
2020,IMBABURA,469879.0,GUAYAQUIL,2662302
2020,IMBABURA,469879.0,CUENCA,410401
2020,IMBABURA,469879.0,MACHALA,275581
2020,IMBABURA,469879.0,AMBATO,196313
2020,LOJA,485421.0,QUITO,1989021
2020,LOJA,485421.0,GUAYAQUIL,2662302
2020,LOJA,485421.0,CUENCA,410401
2020,LOJA,485421.0,MACHALA,275581
2020,LOJA,485421.0,AMBATO,196313
2020,LOS RIOS,898652.0,QUITO,1989021
2020,LOS RIOS,898652.0,GUAYAQUIL,2662302
2020,LOS RIOS,898652.0,CUENCA,410401
2020,LOS RIOS,898652.0,MACHALA,275581
2020,LOS RIOS,898652.0,AMBATO,196313
2020,MANABI,1557582.0,QUITO,1989021
2020,MANABI,1557582.0,GUAYAQUIL,2662302
2020,MANABI,1557582.0,CUENCA,410401
2020,MANABI,1557582.0,MACHALA,275581
2020,MANABI,1557582.0,AMBATO,196313
2020,MORONA SANTIAGO,192508.0,QUITO,1989021
2020,MORONA SANTIAGO,192508.0,GUAYAQUIL,2662302
2020,MORONA SANTIAGO,192508.0,CUENCA,410401
2020,MORONA SANTIAGO,192508.0,MACHALA,275581
2020,MORONA SANTIAGO,192508.0,AMBATO,196313
2020,NAPO,131675.0,QUITO,1989021
2020,NAPO,131675.0,GUAYAQUIL,2662302
2020,NAPO,131675.0,CUENCA,410401
2020,NAPO,131675.0,MACHALA,275581
2020,NAPO,131675.0,AMBATO,196313
2020,PASTAZA,111915.0,QUITO,1989021
2020,PASTAZA,111915.0,GUAYAQUIL,2662302
2020,PASTAZA,111915.0,CUENCA,410401
2020,PASTAZA,111915.0,MACHALA,275581
2020,PASTAZA,111915.0,AMBATO,196313
2020,PICHINCHA,3064335.5,QUITO,1989021
2020,PICHINCHA,3064335.5,GUAYAQUIL,2662302
2020,PICHINCHA,3064335.5,CUENCA,410401
2020,PICHINCHA,3064335.5,MACHALA,275581
2020,PICHINCHA,3064335.5,AMBATO,196313
2020,TUNGURAHUA,568452.5,QUITO,1989021
2020,TUNGURAHUA,568452.5,GUAYAQUIL,2662302
2020,TUNGURAHUA,568452.5,CUENCA,410401
2020,TUNGURAHUA,568452.5,MACHALA,275581
2020,TUNGURAHUA,568452.5,AMBATO,196313
2020,ZAMORA CHINCHIPE,110973.0,QUITO,1989021
2020,ZAMORA CHINCHIPE,110973.0,GUAYAQUIL,2662302
2020,ZAMORA CHINCHIPE,110973.0,CUENCA,410401
2020,ZAMORA CHINCHIPE,110973.0,MACHALA,275581
2020,ZAMORA CHINCHIPE,110973.0,AMBATO,196313
2020,GALAPAGOS,29557.5,QUITO,1989021
2020,GALAPAGOS,29557.5,GUAYAQUIL,2662302
2020,GALAPAGOS,29557.5,CUENCA,410401
2020,GALAPAGOS,29557.5,MACHALA,275581
2020,GALAPAGOS,29557.5,AMBATO,196313
2020,SUCUMBIOS,199014.0,QUITO,1989021
2020,SUCUMBIOS,199014.0,GUAYAQUIL,2662302
2020,SUCUMBIOS,199014.0,CUENCA,410401
2020,SUCUMBIOS,199014.0,MACHALA,275581
2020,SUCUMBIOS,199014.0,AMBATO,196313
2020,ORELLANA,170145.5,QUITO,1989021
2020,ORELLANA,170145.5,GUAYAQUIL,2662302
2020,ORELLANA,170145.5,CUENCA,410401
2020,ORELLANA,170145.5,MACHALA,275581
2020,ORELLANA,170145.5,AMBATO,196313
2020,SANTO DOMINGO DE LOS TSACHILAS,476706.5,QUITO,1989021
2020,SANTO DOMINGO DE LOS TSACHILAS,476706.5,GUAYAQUIL,2662302
2020,SANTO DOMINGO DE LOS TSACHILAS,476706.5,CUENCA,410401
2020,SANTO DOMINGO DE LOS TSACHILAS,476706.5,MACHALA,275581
2020,SANTO DOMINGO DE LOS TSACHILAS,476706.5,AMBATO,196313
2020,SANTA ELENA,385735.0,QUITO,1989021
2020,SANTA ELENA,385735.0,GUAYAQUIL,2662302
2020,SANTA ELENA,385735.0,CUENCA,410401
2020,SANTA ELENA,385735.0,MACHALA,275581
2020,SANTA ELENA,385735.0,AMBATO,196313
2021,AZUAY,819705.0,QUITO,2016395
2021,AZUAY,819705.0,GUAYAQUIL,2698904
2021,AZUAY,819705.0,CUENCA,416063
2021,AZUAY,819705.0,MACHALA,279384
2021,AZUAY,819705.0,AMBATO,199012
2021,BOLIVAR,202919.5,QUITO,2016395
2021,BOLIVAR,202919.5,GUAYAQUIL,2698904
2021,BOLIVAR,202919.5,CUENCA,416063
2021,BOLIVAR,202919.5,MACHALA,279384
2021,BOLIVAR,202919.5,AMBATO,199012
2021,CAÑAR,247750.5,QUITO,2016395
2021,CAÑAR,247750.5,GUAYAQUIL,2698904
2021,CAÑAR,247750.5,CUENCA,416063
2021,CAÑAR,247750.5,MACHALA,279384
2021,CAÑAR,247750.5,AMBATO,199012
2021,CARCHI,177843.5,QUITO,2016395
2021,CARCHI,177843.5,GUAYAQUIL,2698904
2021,CARCHI,177843.5,CUENCA,416063
2021,CARCHI,177843.5,MACHALA,279384
2021,CARCHI,177843.5,AMBATO,199012
2021,COTOPAXI,471598.0,QUITO,2016395
2021,COTOPAXI,471598.0,GUAYAQUIL,2698904
2021,COTOPAXI,471598.0,CUENCA,416063
2021,COTOPAXI,471598.0,MACHALA,279384
2021,COTOPAXI,471598.0,AMBATO,199012
2021,CHIMBORAZO,471933.0,QUITO,2016395
2021,CHIMBORAZO,471933.0,GUAYAQUIL,2698904
2021,CHIMBORAZO,471933.0,CUENCA,416063
2021,CHIMBORAZO,471933.0,MACHALA,279384
2021,CHIMBORAZO,471933.0,AMBATO,199012
2021,EL ORO,700011.5,QUITO,2016395
2021,EL ORO,700011.5,GUAYAQUIL,2698904
2021,EL ORO,700011.5,CUENCA,416063
2021,EL ORO,700011.5,MACHALA,279384
2021,EL ORO,700011.5,AMBATO,199012
2021,ESMERALDAS,585114.5,QUITO,2016395
2021,ESMERALDAS,585114.5,GUAYAQUIL,2698904
2021,ESMERALDAS,585114.5,CUENCA,416063
2021,ESMERALDAS,585114.5,MACHALA,279384
2021,ESMERALDAS,585114.5,AMBATO,199012
2021,GUAYAS,4282136.5,QUITO,2016395
2021,GUAYAS,4282136.5,GUAYAQUIL,2698904
2021,GUAYAS,4282136.5,CUENCA,416063
2021,GUAYAS,4282136.5,MACHALA,279384
2021,GUAYAS,4282136.5,AMBATO,199012
2021,IMBABURA,469879.0,QUITO,2016395
2021,IMBABURA,469879.0,GUAYAQUIL,2698904
2021,IMBABURA,469879.0,CUENCA,416063
2021,IMBABURA,469879.0,MACHALA,279384
2021,IMBABURA,469879.0,AMBATO,199012
2021,LOJA,485421.0,QUITO,2016395
2021,LOJA,485421.0,GUAYAQUIL,2698904
2021,LOJA,485421.0,CUENCA,416063
2021,LOJA,485421.0,MACHALA,279384
2021,LOJA,485421.0,AMBATO,199012
2021,LOS RIOS,898652.0,QUITO,2016395
2021,LOS RIOS,898652.0,GUAYAQUIL,2698904
2021,LOS RIOS,898652.0,CUENCA,416063
2021,LOS RIOS,898652.0,MACHALA,279384
2021,LOS RIOS,898652.0,AMBATO,199012
2021,MANABI,1557582.0,QUITO,2016395
2021,MANABI,1557582.0,GUAYAQUIL,2698904
2021,MANABI,1557582.0,CUENCA,416063
2021,MANABI,1557582.0,MACHALA,279384
2021,MANABI,1557582.0,AMBATO,199012
2021,MORONA SANTIAGO,192508.0,QUITO,2016395
2021,MORONA SANTIAGO,192508.0,GUAYAQUIL,2698904
2021,MORONA SANTIAGO,192508.0,CUENCA,416063
2021,MORONA SANTIAGO,192508.0,MACHALA,279384
2021,MORONA SANTIAGO,192508.0,AMBATO,199012
2021,NAPO,131675.0,QUITO,2016395
2021,NAPO,131675.0,GUAYAQUIL,2698904
2021,NAPO,131675.0,CUENCA,416063
2021,NAPO,131675.0,MACHALA,279384
2021,NAPO,131675.0,AMBATO,199012
2021,PASTAZA,111915.0,QUITO,2016395
2021,PASTAZA,111915.0,GUAYAQUIL,2698904
2021,PASTAZA,111915.0,CUENCA,416063
2021,PASTAZA,111915.0,MACHALA,279384
2021,PASTAZA,111915.0,AMBATO,199012
2021,PICHINCHA,3064335.5,QUITO,2016395
2021,PICHINCHA,3064335.5,GUAYAQUIL,2698904
2021,PICHINCHA,3064335.5,CUENCA,416063
2021,PICHINCHA,3064335.5,MACHALA,279384
2021,PICHINCHA,3064335.5,AMBATO,199012
2021,TUNGURAHUA,568452.5,QUITO,2016395
2021,TUNGURAHUA,568452.5,GUAYAQUIL,2698904
2021,TUNGURAHUA,568452.5,CUENCA,416063
2021,TUNGURAHUA,568452.5,MACHALA,279384
2021,TUNGURAHUA,568452.5,AMBATO,199012
2021,ZAMORA CHINCHIPE,110973.0,QUITO,2016395
2021,ZAMORA CHINCHIPE,110973.0,GUAYAQUIL,2698904
2021,ZAMORA CHINCHIPE,110973.0,CUENCA,416063
2021,ZAMORA CHINCHIPE,110973.0,MACHALA,279384
2021,ZAMORA CHINCHIPE,110973.0,AMBATO,199012
2021,GALAPAGOS,29557.5,QUITO,2016395
2021,GALAPAGOS,29557.5,GUAYAQUIL,2698904
2021,GALAPAGOS,29557.5,CUENCA,416063
2021,GALAPAGOS,29557.5,MACHALA,279384
2021,GALAPAGOS,29557.5,AMBATO,199012
2021,SUCUMBIOS,199014.0,QUITO,2016395
2021,SUCUMBIOS,199014.0,GUAYAQUIL,2698904
2021,SUCUMBIOS,199014.0,CUENCA,416063
2021,SUCUMBIOS,199014.0,MACHALA,279384
2021,SUCUMBIOS,199014.0,AMBATO,199012
2021,ORELLANA,170145.5,QUITO,2016395
2021,ORELLANA,170145.5,GUAYAQUIL,2698904
2021,ORELLANA,170145.5,CUENCA,416063
2021,ORELLANA,170145.5,MACHALA,279384
2021,ORELLANA,170145.5,AMBATO,199012
2021,SANTO DOMINGO DE LOS TSACHILAS,476706.5,QUITO,2016395
2021,SANTO DOMINGO DE LOS TSACHILAS,476706.5,GUAYAQUIL,2698904
2021,SANTO DOMINGO DE LOS TSACHILAS,476706.5,CUENCA,416063
2021,SANTO DOMINGO DE LOS TSACHILAS,476706.5,MACHALA,279384
2021,SANTO DOMINGO DE LOS TSACHILAS,476706.5,AMBATO,199012
2021,SANTA ELENA,385735.0,QUITO,2016395
2021,SANTA ELENA,385735.0,GUAYAQUIL,2698904
2021,SANTA ELENA,385735.0,CUENCA,416063
2021,SANTA ELENA,385735.0,MACHALA,279384
2021,SANTA ELENA,385735.0,AMBATO,199012
2022,AZUAY,801609.0,QUITO,2044128
2022,AZUAY,801609.0,GUAYAQUIL,2735974
2022,AZUAY,801609.0,CUENCA,421773
2022,AZUAY,801609.0,MACHALA,283209
2022,AZUAY,801609.0,AMBATO,201758
2022,BOLIVAR,199078.0,QUITO,2044128
2022,BOLIVAR,199078.0,GUAYAQUIL,2735974
2022,BOLIVAR,199078.0,CUENCA,421773
2022,BOLIVAR,199078.0,MACHALA,283209
2022,BOLIVAR,199078.0,AMBATO,201758
2022,CAÑAR,227578.0,QUITO,2044128
2022,CAÑAR,227578.0,GUAYAQUIL,2735974
2022,CAÑAR,227578.0,CUENCA,421773
2022,CAÑAR,227578.0,MACHALA,283209
2022,CAÑAR,227578.0,AMBATO,201758
2022,CARCHI,172828.0,QUITO,2044128
2022,CARCHI,172828.0,GUAYAQUIL,2735974
2022,CARCHI,172828.0,CUENCA,421773
2022,CARCHI,172828.0,MACHALA,283209
2022,CARCHI,172828.0,AMBATO,201758
2022,COTOPAXI,470210.0,QUITO,2044128
2022,COTOPAXI,470210.0,GUAYAQUIL,2735974
2022,COTOPAXI,470210.0,CUENCA,421773
2022,COTOPAXI,470210.0,MACHALA,283209
2022,COTOPAXI,470210.0,AMBATO,201758
2022,CHIMBORAZO,471933.0,QUITO,2044128
2022,CHIMBORAZO,471933.0,GUAYAQUIL,2735974
2022,CHIMBORAZO,471933.0,CUENCA,421773
2022,CHIMBORAZO,471933.0,MACHALA,283209
2022,CHIMBORAZO,471933.0,AMBATO,201758
2022,EL ORO,714592.0,QUITO,2044128
2022,EL ORO,714592.0,GUAYAQUIL,2735974
2022,EL ORO,714592.0,CUENCA,421773
2022,EL ORO,714592.0,MACHALA,283209
2022,EL ORO,714592.0,AMBATO,201758
2022,ESMERALDAS,553900.0,QUITO,2044128
2022,ESMERALDAS,553900.0,GUAYAQUIL,2735974
2022,ESMERALDAS,553900.0,CUENCA,421773
2022,ESMERALDAS,553900.0,MACHALA,283209
2022,ESMERALDAS,553900.0,AMBATO,201758
2022,GUAYAS,4391923.0,QUITO,2044128
2022,GUAYAS,4391923.0,GUAYAQUIL,2735974
2022,GUAYAS,4391923.0,CUENCA,421773
2022,GUAYAS,4391923.0,MACHALA,283209
2022,GUAYAS,4391923.0,AMBATO,201758
2022,IMBABURA,469879.0,QUITO,2044128
2022,IMBABURA,469879.0,GUAYAQUIL,2735974
2022,IMBABURA,469879.0,CUENCA,421773
2022,IMBABURA,469879.0,MACHALA,283209
2022,IMBABURA,469879.0,AMBATO,201758
2022,LOJA,485421.0,QUITO,2044128
2022,LOJA,485421.0,GUAYAQUIL,2735974
2022,LOJA,485421.0,CUENCA,421773
2022,LOJA,485421.0,MACHALA,283209
2022,LOJA,485421.0,AMBATO,201758
2022,LOS RIOS,898652.0,QUITO,2044128
2022,LOS RIOS,898652.0,GUAYAQUIL,2735974
2022,LOS RIOS,898652.0,CUENCA,421773
2022,LOS RIOS,898652.0,MACHALA,283209
2022,LOS RIOS,898652.0,AMBATO,201758
2022,MANABI,1592840.0,QUITO,2044128
2022,MANABI,1592840.0,GUAYAQUIL,2735974
2022,MANABI,1592840.0,CUENCA,421773
2022,MANABI,1592840.0,MACHALA,283209
2022,MANABI,1592840.0,AMBATO,201758
2022,MORONA SANTIAGO,192508.0,QUITO,2044128
2022,MORONA SANTIAGO,192508.0,GUAYAQUIL,2735974
2022,MORONA SANTIAGO,192508.0,CUENCA,421773
2022,MORONA SANTIAGO,192508.0,MACHALA,283209
2022,MORONA SANTIAGO,192508.0,AMBATO,201758
2022,NAPO,131675.0,QUITO,2044128
2022,NAPO,131675.0,GUAYAQUIL,2735974
2022,NAPO,131675.0,CUENCA,421773
2022,NAPO,131675.0,MACHALA,283209
2022,NAPO,131675.0,AMBATO,201758
2022,PASTAZA,111915.0,QUITO,2044128
2022,PASTAZA,111915.0,GUAYAQUIL,2735974
2022,PASTAZA,111915.0,CUENCA,421773
2022,PASTAZA,111915.0,MACHALA,283209
2022,PASTAZA,111915.0,AMBATO,201758
2022,PICHINCHA,3089473.0,QUITO,2044128
2022,PICHINCHA,3089473.0,GUAYAQUIL,2735974
2022,PICHINCHA,3089473.0,CUENCA,421773
2022,PICHINCHA,3089473.0,MACHALA,283209
2022,PICHINCHA,3089473.0,AMBATO,201758
2022,TUNGURAHUA,563532.0,QUITO,2044128
2022,TUNGURAHUA,563532.0,GUAYAQUIL,2735974
2022,TUNGURAHUA,563532.0,CUENCA,421773
2022,TUNGURAHUA,563532.0,MACHALA,283209
2022,TUNGURAHUA,563532.0,AMBATO,201758
2022,ZAMORA CHINCHIPE,110973.0,QUITO,2044128
2022,ZAMORA CHINCHIPE,110973.0,GUAYAQUIL,2735974
2022,ZAMORA CHINCHIPE,110973.0,CUENCA,421773
2022,ZAMORA CHINCHIPE,110973.0,MACHALA,283209
2022,ZAMORA CHINCHIPE,110973.0,AMBATO,201758
2022,GALAPAGOS,28583.0,QUITO,2044128
2022,GALAPAGOS,28583.0,GUAYAQUIL,2735974
2022,GALAPAGOS,28583.0,CUENCA,421773
2022,GALAPAGOS,28583.0,MACHALA,283209
2022,GALAPAGOS,28583.0,AMBATO,201758
2022,SUCUMBIOS,199014.0,QUITO,2044128
2022,SUCUMBIOS,199014.0,GUAYAQUIL,2735974
2022,SUCUMBIOS,199014.0,CUENCA,421773
2022,SUCUMBIOS,199014.0,MACHALA,283209
2022,SUCUMBIOS,199014.0,AMBATO,201758
2022,ORELLANA,182166.0,QUITO,2044128
2022,ORELLANA,182166.0,GUAYAQUIL,2735974
2022,ORELLANA,182166.0,CUENCA,421773
2022,ORELLANA,182166.0,MACHALA,283209
2022,ORELLANA,182166.0,AMBATO,201758
2022,SANTO DOMINGO DE LOS TSACHILAS,492969.0,QUITO,2044128
2022,SANTO DOMINGO DE LOS TSACHILAS,492969.0,GUAYAQUIL,2735974
2022,SANTO DOMINGO DE LOS TSACHILAS,492969.0,CUENCA,421773
2022,SANTO DOMINGO DE LOS TSACHILAS,492969.0,MACHALA,283209
2022,SANTO DOMINGO DE LOS TSACHILAS,492969.0,AMBATO,201758
2022,SANTA ELENA,385735.0,QUITO,2044128
2022,SANTA ELENA,385735.0,GUAYAQUIL,2735974
2022,SANTA ELENA,385735.0,CUENCA,421773
2022,SANTA ELENA,385735.0,MACHALA,283209
2022,SANTA ELENA,385735.0,AMBATO,201758
2023,AZUAY,801609.0,QUITO,2058148
2023,AZUAY,801609.0,GUAYAQUIL,2754701
2023,AZUAY,801609.0,CUENCA,424651
2023,AZUAY,801609.0,MACHALA,285138
2023,AZUAY,801609.0,AMBATO,203141
2023,BOLIVAR,199078.0,QUITO,2058148
2023,BOLIVAR,199078.0,GUAYAQUIL,2754701
2023,BOLIVAR,199078.0,CUENCA,424651
2023,BOLIVAR,199078.0,MACHALA,285138
2023,BOLIVAR,199078.0,AMBATO,203141
2023,CAÑAR,227578.0,QUITO,2058148
2023,CAÑAR,227578.0,GUAYAQUIL,2754701
2023,CAÑAR,227578.0,CUENCA,424651
2023,CAÑAR,227578.0,MACHALA,285138
2023,CAÑAR,227578.0,AMBATO,203141
2023,CARCHI,172828.0,QUITO,2058148
2023,CARCHI,172828.0,GUAYAQUIL,2754701
2023,CARCHI,172828.0,CUENCA,424651
2023,CARCHI,172828.0,MACHALA,285138
2023,CARCHI,172828.0,AMBATO,203141
2023,COTOPAXI,470210.0,QUITO,2058148
2023,COTOPAXI,470210.0,GUAYAQUIL,2754701
2023,COTOPAXI,470210.0,CUENCA,424651
2023,COTOPAXI,470210.0,MACHALA,285138
2023,COTOPAXI,470210.0,AMBATO,203141
2023,CHIMBORAZO,471933.0,QUITO,2058148
2023,CHIMBORAZO,471933.0,GUAYAQUIL,2754701
2023,CHIMBORAZO,471933.0,CUENCA,424651
2023,CHIMBORAZO,471933.0,MACHALA,285138
2023,CHIMBORAZO,471933.0,AMBATO,203141
2023,EL ORO,714592.0,QUITO,2058148
2023,EL ORO,714592.0,GUAYAQUIL,2754701
2023,EL ORO,714592.0,CUENCA,424651
2023,EL ORO,714592.0,MACHALA,285138
2023,EL ORO,714592.0,AMBATO,203141
2023,ESMERALDAS,553900.0,QUITO,2058148
2023,ESMERALDAS,553900.0,GUAYAQUIL,2754701
2023,ESMERALDAS,553900.0,CUENCA,424651
2023,ESMERALDAS,553900.0,MACHALA,285138
2023,ESMERALDAS,553900.0,AMBATO,203141
2023,GUAYAS,4391923.0,QUITO,2058148
2023,GUAYAS,4391923.0,GUAYAQUIL,2754701
2023,GUAYAS,4391923.0,CUENCA,424651
2023,GUAYAS,4391923.0,MACHALA,285138
2023,GUAYAS,4391923.0,AMBATO,203141
2023,IMBABURA,469879.0,QUITO,2058148
2023,IMBABURA,469879.0,GUAYAQUIL,2754701
2023,IMBABURA,469879.0,CUENCA,424651
2023,IMBABURA,469879.0,MACHALA,285138
2023,IMBABURA,469879.0,AMBATO,203141
2023,LOJA,485421.0,QUITO,2058148
2023,LOJA,485421.0,GUAYAQUIL,2754701
2023,LOJA,485421.0,CUENCA,424651
2023,LOJA,485421.0,MACHALA,285138
2023,LOJA,485421.0,AMBATO,203141
2023,LOS RIOS,898652.0,QUITO,2058148
2023,LOS RIOS,898652.0,GUAYAQUIL,2754701
2023,LOS RIOS,898652.0,CUENCA,424651
2023,LOS RIOS,898652.0,MACHALA,285138
2023,LOS RIOS,898652.0,AMBATO,203141
2023,MANABI,1592840.0,QUITO,2058148
2023,MANABI,1592840.0,GUAYAQUIL,2754701
2023,MANABI,1592840.0,CUENCA,424651
2023,MANABI,1592840.0,MACHALA,285138
2023,MANABI,1592840.0,AMBATO,203141
2023,MORONA SANTIAGO,192508.0,QUITO,2058148
2023,MORONA SANTIAGO,192508.0,GUAYAQUIL,2754701
2023,MORONA SANTIAGO,192508.0,CUENCA,424651
2023,MORONA SANTIAGO,192508.0,MACHALA,285138
2023,MORONA SANTIAGO,192508.0,AMBATO,203141
2023,NAPO,131675.0,QUITO,2058148
2023,NAPO,131675.0,GUAYAQUIL,2754701
2023,NAPO,131675.0,CUENCA,424651
2023,NAPO,131675.0,MACHALA,285138
2023,NAPO,131675.0,AMBATO,203141
2023,PASTAZA,111915.0,QUITO,2058148
2023,PASTAZA,111915.0,GUAYAQUIL,2754701
2023,PASTAZA,111915.0,CUENCA,424651
2023,PASTAZA,111915.0,MACHALA,285138
2023,PASTAZA,111915.0,AMBATO,203141
2023,PICHINCHA,3089473.0,QUITO,2058148
2023,PICHINCHA,3089473.0,GUAYAQUIL,2754701
2023,PICHINCHA,3089473.0,CUENCA,424651
2023,PICHINCHA,3089473.0,MACHALA,285138
2023,PICHINCHA,3089473.0,AMBATO,203141
2023,TUNGURAHUA,563532.0,QUITO,2058148
2023,TUNGURAHUA,563532.0,GUAYAQUIL,2754701
2023,TUNGURAHUA,563532.0,CUENCA,424651
2023,TUNGURAHUA,563532.0,MACHALA,285138
2023,TUNGURAHUA,563532.0,AMBATO,203141
2023,ZAMORA CHINCHIPE,110973.0,QUITO,2058148
2023,ZAMORA CHINCHIPE,110973.0,GUAYAQUIL,2754701
2023,ZAMORA CHINCHIPE,110973.0,CUENCA,424651
2023,ZAMORA CHINCHIPE,110973.0,MACHALA,285138
2023,ZAMORA CHINCHIPE,110973.0,AMBATO,203141
2023,GALAPAGOS,28583.0,QUITO,2058148
2023,GALAPAGOS,28583.0,GUAYAQUIL,2754701
2023,GALAPAGOS,28583.0,CUENCA,424651
2023,GALAPAGOS,28583.0,MACHALA,285138
2023,GALAPAGOS,28583.0,AMBATO,203141
2023,SUCUMBIOS,199014.0,QUITO,2058148
2023,SUCUMBIOS,199014.0,GUAYAQUIL,2754701
2023,SUCUMBIOS,199014.0,CUENCA,424651
2023,SUCUMBIOS,199014.0,MACHALA,285138
2023,SUCUMBIOS,199014.0,AMBATO,203141
2023,ORELLANA,182166.0,QUITO,2058148
2023,ORELLANA,182166.0,GUAYAQUIL,2754701
2023,ORELLANA,182166.0,CUENCA,424651
2023,ORELLANA,182166.0,MACHALA,285138
2023,ORELLANA,182166.0,AMBATO,203141
2023,SANTO DOMINGO DE LOS TSACHILAS,492969.0,QUITO,2058148
2023,SANTO DOMINGO DE LOS TSACHILAS,492969.0,GUAYAQUIL,2754701
2023,SANTO DOMINGO DE LOS TSACHILAS,492969.0,CUENCA,424651
2023,SANTO DOMINGO DE LOS TSACHILAS,492969.0,MACHALA,285138
2023,SANTO DOMINGO DE LOS TSACHILAS,492969.0,AMBATO,203141
2023,SANTA ELENA,385735.0,QUITO,2058148
2023,SANTA ELENA,385735.0,GUAYAQUIL,2754701
2023,SANTA ELENA,385735.0,CUENCA,424651
2023,SANTA ELENA,385735.0,MACHALA,285138
2023,SANTA ELENA,385735.0,AMBATO,203141
